pressure, node, date, time, humidity, ambient_temperature, amperage, wind_speed, imager_temperature
976.1, 54, 13.04.2023, 13:59, 30.4, 2, 334.3676, 0, 11.9
976.1, 82, 13.04.2023, 13:59, 30.4, 2, 156.9844, 0, 15
974.1, 111, 13.04.2023, 16:47, 31.5, 3, 191.4377, 1.2, 16.2
974.1, 28, 13.04.2023, 16:47, 31.5, 3, 236.6524, 1.2, 19.5
974.1, 58, 13.04.2023, 16:47, 31.5, 3, 236.6524, 1.2, 8.2
974.1, 102, 13.04.2023, 16:47, 31.5, 3, 190.3162, 1.2, 13
973.9, 112, 13.04.2023, 16:59, 28.2, 2.8, 186.388, 1.1, 14.8
973.9, 55, 13.04.2023, 16:59, 28.2, 2.8, 247.4575, 1.1, 9.3
973.9, 44, 13.04.2023, 16:59, 28.2, 2.8, 247.4575, 1.1, 16.8
973.9, 12, 13.04.2023, 16:59, 28.2, 2.8, 238.7614, 1.1, 4.8
976.1, 110, 13.04.2023, 13:59, 30.1, 2.1, 157.3391, 0.8, 17.6
976.1, 119, 13.04.2023, 13:59, 30.1, 2.1, 157.3391, 0.8, 21.9
976.1, 55, 13.04.2023, 13:59, 30.1, 2.1, 396.9907, 0.8, 14
976.1, 83, 13.04.2023, 13:59, 30.1, 2.1, 157.3391, 0.8, 20.4
974.1, 29, 13.04.2023, 16:47, 31.9, 3.1, 238.4841, 1.2, 13.2
973.9, 122, 13.04.2023, 16:59, 28.2, 2.8, 247.4575, 1.1, 16.5
974.1, 115, 13.04.2023, 16:47, 31.9, 3.1, 193.8759, 1.2, 30.3
974.1, 104, 13.04.2023, 16:47, 31.9, 3.1, 193.8759, 1.2, 16.7
973.9, 56, 13.04.2023, 16:59, 28.2, 2.8, 238.7614, 1.1, 8.8
974.1, 64, 13.04.2023, 16:47, 31.9, 3.1, 251.1121, 1.2, 17.5
974.1, 95, 13.04.2023, 16:49, 30.4, 2.9, 199.2503, 1.3, 12.9
974.1, 58, 13.04.2023, 16:49, 30.4, 2.9, 236.8684, 1.3, 7.7
973.9, 14, 13.04.2023, 16:59, 28.2, 2.8, 245.5758, 1.1, 4.2
974.1, 45, 13.04.2023, 16:50, 30.4, 2.9, 236.8684, 1.3, 17.8
974.1, 62, 13.04.2023, 16:50, 30.4, 2.9, 236.8684, 1.3, 13.2
974.1, 96, 13.04.2023, 16:50, 30.4, 2.9, 199.2503, 1.3, 11.7
974.1, 63, 13.04.2023, 16:50, 30, 2.9, 237.3123, 1.2, 14.3
974.1, 97, 13.04.2023, 16:50, 30, 2.9, 189.7893, 1.2, 10.8
974.1, 72, 13.04.2023, 16:50, 30, 2.9, 262.221, 1.2, 10.2
974.1, 65, 13.04.2023, 16:50, 30, 2.9, 262.221, 1.2, 14.6
974.1, 98, 13.04.2023, 16:50, 30, 2.9, 189.7893, 1.2, 14.1
974.1, 113, 13.04.2023, 16:50, 30, 2.9, 237.3123, 1.2, 13.1
974.1, 64, 13.04.2023, 16:50, 30, 2.9, 261.3202, 1.2, 17.6
974.1, 47, 13.04.2023, 16:50, 30, 2.9, 237.3123, 1.2, 15
974.1, 48, 13.04.2023, 16:50, 30, 2.9, 262.221, 1.2, 14.3
974.1, 99, 13.04.2023, 16:50, 30, 2.9, 189.7893, 1.2, 13.6
974.1, 66, 13.04.2023, 16:50, 30, 2.9, 255.2252, 1.2, 17.4
974.1, 59, 13.04.2023, 16:50, 30, 2.9, 262.221, 1.2, 15.5
974.1, 30, 13.04.2023, 16:47, 31.9, 3.1, 251.1121, 1.2, 8.4
974.1, 72, 13.04.2023, 16:47, 31.9, 3.1, 251.1121, 1.2, 10.4
974.1, 31, 13.04.2023, 16:47, 31.9, 3.1, 251.1121, 1.2, 14.9
974.1, 123, 13.04.2023, 16:48, 32, 3.1, 201.972, 1.4, 15.8
974.1, 54, 13.04.2023, 16:48, 31.4, 3.1, 254.6438, 1.1, 8.6
974.1, 17, 13.04.2023, 16:48, 31.4, 3.1, 198.6249, 1.1, 19.9
974.1, 18, 13.04.2023, 16:48, 31.4, 3.1, 198.6249, 1.1, 19.7
974.1, 38, 13.04.2023, 16:48, 30.4, 3.1, 240.3726, 1.7, 13.1
974.1, 19, 13.04.2023, 16:48, 30.4, 3.1, 240.3726, 1.7, 22.2
974.1, 1, 13.04.2023, 16:48, 30.4, 3.1, 249.7419, 1.7, 11
974.1, 20, 13.04.2023, 16:48, 30.4, 3.1, 240.091, 1.7, 14.5
974.1, 4, 13.04.2023, 16:48, 30.4, 3.1, 240.091, 1.7, 10.6
974.1, 21, 13.04.2023, 16:49, 30.4, 3.1, 257.8443, 1.7, 21.2
974.1, 6, 13.04.2023, 16:49, 29.9, 3, 257.8443, 1.5, 37.6
974.1, 22, 13.04.2023, 16:49, 29.9, 3, 259.9978, 1.5, 17.9
974.1, 9, 13.04.2023, 16:49, 29.9, 3, 250.5612, 1.5, 14.6
974.1, 11, 13.04.2023, 16:49, 29.9, 3, 250.5612, 1.5, 7
974.1, 23, 13.04.2023, 16:49, 29.9, 3, 209.9338, 1.5, 8
974.1, 105, 13.04.2023, 16:47, 31.9, 3.1, 193.8987, 1.2, 14.3
974.1, 116, 13.04.2023, 16:47, 31.9, 3.1, 193.8759, 1.2, 16.4
974.1, 107, 13.04.2023, 16:47, 31.9, 3.1, 251.1121, 1.2, 18.3
974.1, 113, 13.04.2023, 16:48, 32, 3.1, 238.4841, 1.4, 15
974.1, 117, 13.04.2023, 16:48, 32, 3.1, 193.8987, 1.4, 18.9
974.1, 33, 13.04.2023, 16:48, 32, 3.1, 243.116, 1.4, 18.2
974.1, 109, 13.04.2023, 16:48, 32, 3.1, 201.972, 1.4, 14.1
974.1, 34, 13.04.2023, 16:48, 32, 3.1, 251.8829, 1.4, 19.1
974.1, 118, 13.04.2023, 16:48, 32, 3.1, 195.2038, 1.4, 13.4
974.1, 35, 13.04.2023, 16:48, 32, 3.1, 251.8829, 1.4, 14
974.1, 119, 13.04.2023, 16:48, 32, 3.1, 205.5111, 1.4, 13
974.1, 36, 13.04.2023, 16:48, 31.4, 3.1, 240.3726, 1.1, 16.4
974.1, 55, 13.04.2023, 16:48, 31.4, 3.1, 248.6621, 1.1, 10.9
974.1, 37, 13.04.2023, 16:48, 31.4, 3.1, 240.3726, 1.1, 8.4
974.1, 56, 13.04.2023, 16:48, 31.4, 3.1, 240.3726, 1.1, 10.3
974.1, 57, 13.04.2023, 16:48, 30.4, 3.1, 249.7419, 1.7, 11
974.1, 39, 13.04.2023, 16:48, 30.4, 3.1, 257.8443, 1.7, 18
974.1, 58, 13.04.2023, 16:48, 30.4, 3.1, 240.091, 1.7, 7.8
974.1, 40, 13.04.2023, 16:48, 30.4, 3.1, 257.8443, 1.7, 10.9
974.1, 64, 13.04.2023, 16:49, 30.4, 3.1, 257.8443, 1.7, 17.5
974.1, 41, 13.04.2023, 16:49, 29.9, 3, 257.8443, 1.5, 21.3
974.1, 72, 13.04.2023, 16:49, 29.9, 3, 259.9978, 1.5, 10.9
974.1, 50, 13.04.2023, 16:49, 29.9, 3, 259.9978, 1.5, 9.2
974.1, 113, 13.04.2023, 16:49, 29.9, 3, 238.1757, 1.5, 13.6
974.1, 51, 13.04.2023, 16:49, 29.9, 3, 238.1757, 1.5, 6.5
974.1, 114, 13.04.2023, 16:49, 29.9, 3, 250.5612, 1.5, 15.9
974.1, 12, 13.04.2023, 16:49, 29.9, 3, 238.1757, 1.5, 5.3
974.1, 114, 13.04.2023, 16:48, 32, 3.1, 251.8829, 1.4, 16
974.1, 121, 13.04.2023, 16:48, 31.4, 3.1, 202.8639, 1.1, 12.2
974.1, 124, 13.04.2023, 16:48, 31.4, 3.1, 195.3284, 1.1, 12.3
974.1, 125, 13.04.2023, 16:48, 30.4, 3.1, 202.8639, 1.7, 17
974.1, 24, 13.04.2023, 16:49, 30.1, 3, 209.9338, 1.4, 19.4
974.1, 14, 13.04.2023, 16:49, 30.1, 3, 258.6109, 1.4, 4.4
974.1, 52, 13.04.2023, 16:49, 30.1, 3, 236.3294, 1.4, 12.3
974.1, 54, 13.04.2023, 16:49, 30.1, 3, 258.6109, 1.4, 8.4
974.1, 25, 13.04.2023, 16:49, 30.1, 3, 250.5747, 1.4, 17.3
974.1, 16, 13.04.2023, 16:49, 30.1, 3, 258.6109, 1.4, 10.8
974.1, 76, 13.04.2023, 16:49, 30.1, 3, 199.0463, 1.4, 14.5
974.1, 55, 13.04.2023, 16:49, 30.1, 3, 250.5747, 1.4, 10.5
974.1, 53, 13.04.2023, 16:49, 30.1, 3, 236.3294, 1.4, 8.8
974.1, 42, 13.04.2023, 16:49, 30.1, 3, 250.5747, 1.4, 17
974.1, 88, 13.04.2023, 16:49, 30.1, 3, 190.0724, 1.4, 14
974.1, 56, 13.04.2023, 16:49, 30.1, 3, 236.3294, 1.4, 10.1
974.1, 60, 13.04.2023, 16:49, 30.4, 2.9, 251.2006, 1.3, 16.1
974.1, 44, 13.04.2023, 16:49, 30.4, 2.9, 251.2006, 1.3, 18.4
974.1, 57, 13.04.2023, 16:49, 30.4, 2.9, 251.2006, 1.3, 11.1
974.1, 94, 13.04.2023, 16:49, 30.4, 2.9, 199.2503, 1.3, 12.6
974.1, 61, 13.04.2023, 16:49, 30.4, 2.9, 251.2006, 1.3, 13.1
976.9, 18, 13.04.2023, 12:46, 27.8, 1.2, 429.4274, 0.8, 11.9
976.5, 2, 13.04.2023, 13:14, 33.7, 1, 352.6301, 2.4, 10.5
976.5, 17, 13.04.2023, 13:14, 33.7, 1, 157.8611, 2.4, 14.6
976.5, 54, 13.04.2023, 13:14, 33.7, 1, 377.8762, 2.4, 7.1
976.5, 1, 13.04.2023, 13:14, 33.3, 0.9, 352.6301, 2.2, 11.9
976.5, 3, 13.04.2023, 13:14, 33.3, 0.9, 352.6301, 2.2, 8.7
976.5, 18, 13.04.2023, 13:14, 33.3, 0.9, 157.8611, 2.2, 10.4
976.5, 55, 13.04.2023, 13:14, 33.3, 0.9, 352.6301, 2.2, 9.5
976.5, 4, 13.04.2023, 13:14, 33.3, 0.9, 349.2883, 2.2, 7.4
976.5, 5, 13.04.2023, 13:14, 33.3, 0.9, 349.2883, 2.2, 16
976.5, 56, 13.04.2023, 13:14, 33.3, 0.9, 345.7936, 2.2, 8.2
976.5, 6, 13.04.2023, 13:14, 33.3, 0.9, 372.0627, 2.2, 4.4
976.5, 19, 13.04.2023, 13:14, 33.3, 0.9, 345.7936, 2.2, 14.8
976.5, 7, 13.04.2023, 13:14, 33.3, 0.9, 372.0627, 2.2, 11.4
976.5, 8, 13.04.2023, 13:14, 33.3, 0.9, 372.0627, 2.2, 9.9
976.5, 9, 13.04.2023, 13:14, 33.3, 0.9, 351.3135, 2.2, 11.5
976.5, 57, 13.04.2023, 13:14, 33.3, 0.9, 351.3135, 2.2, 10.2
976.5, 20, 13.04.2023, 13:14, 33.8, 0.8, 345.7936, 1.3, 3.1
976.5, 11, 13.04.2023, 13:14, 33.8, 0.8, 351.3135, 1.3, 10.7
976.5, 26, 13.04.2023, 13:14, 33.8, 0.8, 351.3135, 1.3, 17.9
976.5, 58, 13.04.2023, 13:14, 33.8, 0.8, 345.7936, 1.3, 7.5
976.5, 21, 13.04.2023, 13:14, 33.8, 0.8, 372.0627, 1.3, 16.5
976.5, 12, 13.04.2023, 13:14, 33.8, 0.8, 340.954, 1.3, 6.6
976.5, 27, 13.04.2023, 13:14, 33.8, 0.8, 348.8252, 1.3, 16.3
976.5, 64, 13.04.2023, 13:14, 33.8, 0.8, 348.8252, 1.3, 13.2
976.5, 22, 13.04.2023, 13:14, 33.8, 0.8, 374.07, 1.3, 9.6
976.5, 14, 13.04.2023, 13:14, 33.8, 0.8, 374.07, 1.3, 4.2
976.5, 28, 13.04.2023, 13:14, 33.8, 0.8, 348.8252, 1.3, 15.6
976.5, 72, 13.04.2023, 13:15, 33.8, 0.8, 348.8252, 1.3, 8.2
976.5, 16, 13.04.2023, 13:15, 34.1, 0.9, 374.07, 2.2, 10
976.5, 23, 13.04.2023, 13:15, 34.1, 0.9, 156.922, 2.2, 4.4
976.5, 29, 13.04.2023, 13:15, 34.1, 0.9, 348.8252, 2.2, 16.9
976.5, 113, 13.04.2023, 13:15, 34.1, 0.9, 348.8252, 2.2, 15.3
976.5, 53, 13.04.2023, 13:15, 34.1, 0.9, 340.954, 2.2, 8.6
976.5, 24, 13.04.2023, 13:15, 34.1, 0.9, 157.2842, 2.2, 10.6
976.5, 30, 13.04.2023, 13:15, 34.1, 0.9, 350.9471, 2.2, 13.5
976.5, 114, 13.04.2023, 13:15, 34.1, 0.9, 350.9471, 2.2, 14.9
976.5, 60, 13.04.2023, 13:15, 34.1, 0.9, 350.9471, 2.2, 11.6
976.5, 31, 13.04.2023, 13:15, 34.1, 0.9, 350.9471, 2.2, 13.4
976.5, 25, 13.04.2023, 13:15, 34.1, 0.9, 350.9471, 2.2, 2.5
976.5, 54, 13.04.2023, 13:15, 33.6, 0.9, 375.0806, 2.7, 6.3
976.5, 61, 13.04.2023, 13:15, 33.6, 0.9, 350.9471, 2.7, 9
976.5, 33, 13.04.2023, 13:15, 33.6, 0.9, 350.9471, 2.7, 12.3
976.5, 62, 13.04.2023, 13:15, 33.6, 0.9, 350.9471, 2.7, 6.7
976.5, 55, 13.04.2023, 13:15, 33.6, 0.9, 350.9471, 2.7, 8.6
976.5, 42, 13.04.2023, 13:15, 33.6, 0.9, 350.9471, 2.7, 11.6
976.5, 34, 13.04.2023, 13:15, 33.6, 0.9, 352.7818, 2.7, 14.5
976.5, 63, 13.04.2023, 13:15, 33.6, 0.9, 352.7818, 2.7, 11.6
976.5, 56, 13.04.2023, 13:15, 33.6, 0.9, 349.1278, 2.7, 7.6
976.5, 44, 13.04.2023, 13:15, 33.6, 0.9, 352.7818, 2.7, 9.6
976.5, 35, 13.04.2023, 13:15, 33.6, 0.9, 352.7818, 2.7, 11.7
976.5, 65, 13.04.2023, 13:15, 33.6, 0.8, 352.7818, 3.5, 13.3
976.5, 57, 13.04.2023, 13:15, 33.6, 0.8, 352.7818, 3.5, 9
976.5, 36, 13.04.2023, 13:15, 33.6, 0.8, 352.7818, 3.5, 12.1
976.5, 45, 13.04.2023, 13:15, 33.6, 0.8, 352.7818, 3.5, 10.6
976.5, 66, 13.04.2023, 13:15, 33.6, 0.8, 352.7818, 3.5, 16.7
976.5, 58, 13.04.2023, 13:15, 33.6, 0.8, 349.1278, 3.5, 6.4
976.5, 37, 13.04.2023, 13:15, 33.6, 0.8, 352.7818, 3.5, 7.4
976.5, 47, 13.04.2023, 13:15, 33.6, 0.8, 352.7148, 3.5, 12.6
976.5, 68, 13.04.2023, 13:15, 33.6, 0.8, 352.7148, 3.5, 9.6
976.5, 38, 13.04.2023, 13:15, 33.6, 0.8, 352.7148, 3.5, 10.2
976.5, 48, 13.04.2023, 13:16, 33.6, 0.8, 352.7148, 3.5, 9.4
976.5, 69, 13.04.2023, 13:16, 33, 0.7, 352.7148, 1.7, 16.1
976.5, 39, 13.04.2023, 13:16, 33, 0.7, 352.7148, 1.7, 14.8
976.5, 72, 13.04.2023, 13:16, 33, 0.7, 352.7148, 1.7, 9.5
976.5, 59, 13.04.2023, 13:16, 33, 0.7, 352.7148, 1.7, 9.9
976.5, 71, 13.04.2023, 13:16, 33, 0.7, 352.7148, 1.7, 13.7
976.5, 40, 13.04.2023, 13:16, 33, 0.7, 352.6303, 1.7, 12.3
976.5, 113, 13.04.2023, 13:16, 33, 0.7, 352.6303, 1.7, 13.7
976.5, 75, 13.04.2023, 13:16, 33, 0.7, 156.3295, 1.7, 7.7
976.5, 114, 13.04.2023, 13:16, 33, 0.7, 352.6303, 1.7, 13.6
976.5, 41, 13.04.2023, 13:16, 33, 0.7, 352.6303, 1.7, 15.6
976.5, 77, 13.04.2023, 13:16, 33.7, 0.6, 156.9419, 2.8, 6.6
976.5, 50, 13.04.2023, 13:16, 33.7, 0.6, 381.3139, 2.8, 11.2
976.5, 102, 13.04.2023, 13:16, 33.7, 0.6, 156.3635, 2.8, 13.3
976.5, 55, 13.04.2023, 13:16, 33.7, 0.6, 350.9498, 2.8, 7.6
976.5, 51, 13.04.2023, 13:16, 33.7, 0.6, 336.4569, 2.8, 7
976.5, 79, 13.04.2023, 13:16, 33.7, 0.6, 156.3635, 2.8, 7.5
976.5, 104, 13.04.2023, 13:16, 33.7, 0.6, 156.3635, 2.8, 11.4
976.5, 56, 13.04.2023, 13:16, 33.7, 0.6, 336.4569, 2.8, 6.8
976.5, 52, 13.04.2023, 13:16, 33.7, 0.6, 336.4569, 2.8, 12.6
976.5, 105, 13.04.2023, 13:16, 33.7, 0.6, 156.3968, 2.8, 9.3
976.5, 80, 13.04.2023, 13:16, 33.7, 0.6, 156.3968, 2.8, 11
976.5, 57, 13.04.2023, 13:16, 34.1, 0.6, 350.9498, 2.2, 7.9
976.5, 76, 13.04.2023, 13:16, 34.1, 0.6, 156.3635, 2.2, 9.3
976.5, 107, 13.04.2023, 13:16, 34.1, 0.6, 350.9498, 2.2, 13.8
976.5, 58, 13.04.2023, 13:16, 34.1, 0.6, 329.2494, 2.2, 5.7
976.5, 88, 13.04.2023, 13:16, 34.1, 0.6, 156.0152, 2.2, 12.2
976.5, 109, 13.04.2023, 13:16, 34.1, 0.6, 156.0817, 2.2, 8.4
976.5, 82, 13.04.2023, 13:17, 34.1, 0.6, 156.8872, 2.2, 8.9
976.5, 64, 13.04.2023, 13:17, 34.1, 0.6, 340.4277, 2.2, 11
976.5, 118, 13.04.2023, 13:17, 34.1, 0.6, 156.0152, 2.2, 8.5
976.5, 94, 13.04.2023, 13:17, 34.8, 0.7, 156.0817, 1.4, 8.3
976.5, 83, 13.04.2023, 13:17, 34.8, 0.7, 156.8872, 1.4, 11.8
976.5, 72, 13.04.2023, 13:17, 34.8, 0.7, 340.4277, 1.4, 8.4
976.5, 119, 13.04.2023, 13:17, 34.8, 0.7, 156.8872, 1.4, 8.9
976.5, 95, 13.04.2023, 13:17, 34.8, 0.7, 156.6846, 1.4, 8.4
976.5, 84, 13.04.2023, 13:17, 34.8, 0.7, 157.7991, 1.4, 7.4
976.5, 113, 13.04.2023, 13:17, 34.8, 0.7, 330.338, 1.4, 13.7
976.5, 121, 13.04.2023, 13:17, 34.8, 0.7, 157.7991, 1.4, 14.8
976.5, 96, 13.04.2023, 13:17, 34.8, 0.7, 156.6846, 1.4, 10.6
976.5, 124, 13.04.2023, 13:17, 34.8, 0.7, 156.5716, 1.4, 13.2
976.5, 114, 13.04.2023, 13:17, 34.8, 0.7, 330.338, 1.4, 13.6
976.5, 97, 13.04.2023, 13:17, 34.8, 0.7, 156.5716, 1.4, 5.7
976.5, 85, 13.04.2023, 13:17, 34.8, 0.7, 156.6846, 1.4, 12.9
976.5, 125, 13.04.2023, 13:17, 35, 0.9, 157.7991, 1.9, 13.6
976.5, 98, 13.04.2023, 13:17, 35, 0.9, 156.5716, 1.9, 6.8
976.5, 87, 13.04.2023, 13:17, 35, 0.9, 156.7545, 1.9, 11.8
976.5, 99, 13.04.2023, 13:17, 35, 0.9, 156.219, 1.9, 9.2
976.5, 90, 13.04.2023, 13:17, 35, 0.9, 156.219, 1.9, 12.1
976.5, 100, 13.04.2023, 13:17, 35, 0.9, 157.6285, 1.9, 9.8
976.5, 101, 13.04.2023, 13:17, 35.4, 1, 157.6285, 2.2, 14.7
976.5, 91, 13.04.2023, 13:17, 35.4, 1, 157.6285, 2.2, 14.4
976.5, 9, 13.04.2023, 13:17, 35.4, 1, 321.9619, 2.2, 10.6
976.5, 110, 13.04.2023, 13:17, 35.4, 1, 157.4923, 2.2, 13
976.5, 64, 13.04.2023, 13:15, 33.6, 0.8, 352.7148, 3.5, 11.8
976.5, 74, 13.04.2023, 13:16, 33, 0.7, 352.6303, 1.7, 13.1
976.5, 78, 13.04.2023, 13:16, 33.7, 0.6, 156.9419, 2.8, 9
976.5, 54, 13.04.2023, 13:16, 33.7, 0.6, 381.3139, 2.8, 5.3
976.5, 54, 13.04.2023, 13:17, 35, 0.9, 342.4183, 1.9, 5.6
976.5, 1, 13.04.2023, 13:17, 35, 0.9, 323.4948, 1.9, 11.8
976.5, 55, 13.04.2023, 13:17, 35, 0.9, 323.4948, 1.9, 8.3
976.5, 4, 13.04.2023, 13:17, 35, 0.9, 325.8193, 1.9, 6.4
976.5, 6, 13.04.2023, 13:17, 35, 0.9, 342.4183, 1.9, 5
976.5, 56, 13.04.2023, 13:17, 35, 0.9, 325.8193, 1.9, 7.3
976.5, 57, 13.04.2023, 13:17, 35.4, 1, 321.9619, 2.2, 9.1
976.5, 58, 13.04.2023, 13:18, 35.4, 1, 325.7401, 2.2, 6.6
976.5, 64, 13.04.2023, 13:18, 35.2, 1.1, 321.9619, 1.3, 12.4
976.5, 72, 13.04.2023, 13:18, 35.2, 1.1, 325.1931, 1.3, 7.3
976.5, 113, 13.04.2023, 13:18, 35.2, 1.1, 325.1931, 1.3, 15.2
976.5, 2, 13.04.2023, 13:18, 35.2, 1.1, 325.1931, 1.3, 10.5
976.5, 114, 13.04.2023, 13:18, 34.4, 1.1, 325.1931, 0.9, 15
976.5, 3, 13.04.2023, 13:18, 34.4, 1.1, 325.1931, 0.9, 5.8
976.5, 5, 13.04.2023, 13:18, 34.4, 1.1, 323.7232, 0.9, 15.2
976.5, 54, 13.04.2023, 13:18, 34.4, 1.1, 346.6918, 0.9, 6.7
976.5, 7, 13.04.2023, 13:18, 34.4, 1.1, 346.6918, 0.9, 12.5
976.5, 55, 13.04.2023, 13:18, 34.4, 1.1, 334.5649, 0.9, 9.6
976.5, 8, 13.04.2023, 13:18, 34.4, 1.1, 346.6918, 0.9, 10.4
976.5, 56, 13.04.2023, 13:18, 33.5, 1.2, 324.7704, 1.2, 8.4
976.5, 26, 13.04.2023, 13:18, 33.5, 1.2, 333.1586, 1.2, 17.8
976.5, 17, 13.04.2023, 13:18, 33.5, 1.2, 155.0799, 1.2, 17
976.5, 57, 13.04.2023, 13:19, 33.5, 1.2, 333.1586, 1.2, 10.6
976.5, 27, 13.04.2023, 13:19, 33.5, 1.2, 333.1586, 1.2, 16.3
976.5, 58, 13.04.2023, 13:19, 33.5, 1.2, 324.7704, 1.2, 7.9
976.5, 18, 13.04.2023, 13:19, 33.5, 1.2, 155.0799, 1.2, 9.3
976.5, 28, 13.04.2023, 13:19, 33.5, 1.2, 333.1586, 1.2, 16.1
976.5, 64, 13.04.2023, 13:19, 33, 1.3, 334.9669, 1.3, 13.9
976.5, 19, 13.04.2023, 13:19, 33, 1.3, 322.0856, 1.3, 18.5
976.5, 29, 13.04.2023, 13:19, 33, 1.3, 334.9669, 1.3, 17.6
976.5, 72, 13.04.2023, 13:19, 33, 1.3, 334.9669, 1.3, 8.7
976.5, 30, 13.04.2023, 13:19, 33, 1.3, 334.9669, 1.3, 15.2
976.5, 20, 13.04.2023, 13:19, 33, 1.3, 322.0856, 1.3, 2.5
976.5, 113, 13.04.2023, 13:19, 33, 1.3, 334.9669, 1.3, 16.9
976.5, 31, 13.04.2023, 13:19, 33, 1.3, 334.9669, 1.3, 15
976.5, 21, 13.04.2023, 13:19, 32.2, 1.3, 341.7138, 0.8, 17.9
976.5, 33, 13.04.2023, 13:19, 32.2, 1.3, 335.2712, 0.8, 16.5
976.5, 22, 13.04.2023, 13:19, 32.2, 1.3, 354.1974, 0.8, 11.5
976.5, 78, 13.04.2023, 13:19, 32.2, 1.3, 157.3745, 0.8, 12.3
976.5, 34, 13.04.2023, 13:19, 32.2, 1.3, 335.2712, 0.8, 21.7
976.5, 23, 13.04.2023, 13:19, 32.2, 1.3, 157.3745, 0.8, 5.7
976.5, 35, 13.04.2023, 13:19, 32.2, 1.3, 335.2712, 0.8, 15.9
976.5, 102, 13.04.2023, 13:19, 32.2, 1.3, 156.2047, 0.8, 16.5
976.5, 55, 13.04.2023, 13:19, 32.2, 1.3, 335.2712, 0.8, 11
976.5, 104, 13.04.2023, 13:19, 31.9, 1.4, 156.2406, 1, 13.7
976.5, 24, 13.04.2023, 13:19, 31.9, 1.4, 157.7463, 1, 14.7
976.5, 56, 13.04.2023, 13:19, 31.9, 1.4, 340.9659, 1, 9.6
976.5, 105, 13.04.2023, 13:20, 31.9, 1.4, 156.3372, 1, 19.7
976.5, 57, 13.04.2023, 13:20, 31.9, 1.4, 344.7557, 1, 12
976.5, 25, 13.04.2023, 13:20, 31.9, 1.4, 344.7557, 1, 5.3
976.5, 58, 13.04.2023, 13:20, 31.9, 1.4, 340.9659, 1, 9.2
976.5, 42, 13.04.2023, 13:20, 31.9, 1.4, 349.1502, 1.2, 16.1
976.5, 64, 13.04.2023, 13:20, 31.9, 1.4, 349.1502, 1.2, 15.3
976.5, 44, 13.04.2023, 13:20, 31.9, 1.4, 349.1502, 1.2, 15.8
976.5, 93, 13.04.2023, 13:17, 35.4, 1, 157.4923, 2.2, 7.9
976.5, 11, 13.04.2023, 13:17, 35.4, 1, 321.9619, 2.2, 9.2
976.5, 112, 13.04.2023, 13:18, 35.4, 1, 156.2578, 2.2, 12.8
976.5, 108, 13.04.2023, 13:18, 35.4, 1, 157.4923, 2.2, 17.9
976.5, 12, 13.04.2023, 13:18, 35.4, 1, 325.7401, 2.2, 8
976.5, 122, 13.04.2023, 13:18, 35.2, 1.1, 321.9619, 1.3, 26.8
976.5, 14, 13.04.2023, 13:18, 35.2, 1.1, 345.3169, 1.3, 4.5
976.5, 111, 13.04.2023, 13:18, 35.2, 1.1, 156.1543, 1.3, 12.2
976.5, 126, 13.04.2023, 13:18, 35.2, 1.1, 325.1931, 1.3, 13.5
976.5, 16, 13.04.2023, 13:18, 35.2, 1.1, 345.6891, 1.3, 10.8
976.5, 115, 13.04.2023, 13:18, 35.2, 1.1, 156.3922, 1.3, 12.9
976.5, 53, 13.04.2023, 13:18, 35.2, 1.1, 324.4039, 1.3, 8.4
976.5, 116, 13.04.2023, 13:18, 34.4, 1.1, 156.3922, 0.9, 13.1
976.5, 60, 13.04.2023, 13:18, 34.4, 1.1, 325.1931, 0.9, 15.3
976.5, 61, 13.04.2023, 13:18, 34.4, 1.1, 334.5649, 0.9, 10.4
976.5, 117, 13.04.2023, 13:18, 34.4, 1.1, 155.6274, 0.9, 10.8
976.5, 62, 13.04.2023, 13:18, 34.4, 1.1, 334.5649, 0.9, 8.5
976.5, 123, 13.04.2023, 13:18, 34.4, 1.1, 155.1654, 0.9, 12.3
976.5, 63, 13.04.2023, 13:18, 33.5, 1.2, 334.5649, 1.2, 12.3
976.5, 65, 13.04.2023, 13:18, 33.5, 1.2, 333.1586, 1.2, 15.4
976.5, 66, 13.04.2023, 13:19, 33.5, 1.2, 333.1586, 1.2, 19.7
976.5, 68, 13.04.2023, 13:19, 33, 1.3, 334.9669, 1.3, 16.7
976.5, 69, 13.04.2023, 13:19, 33, 1.3, 334.9669, 1.3, 19.3
976.5, 71, 13.04.2023, 13:19, 33, 1.3, 334.9669, 1.3, 19.3
976.5, 74, 13.04.2023, 13:19, 32.2, 1.3, 335.2712, 0.8, 19.5
976.5, 114, 13.04.2023, 13:19, 32.2, 1.3, 335.2712, 0.8, 16.1
976.5, 54, 13.04.2023, 13:19, 32.2, 1.3, 354.1974, 0.8, 8.1
976.5, 36, 13.04.2023, 13:19, 31.9, 1.4, 344.7557, 1, 19.9
976.5, 37, 13.04.2023, 13:20, 31.9, 1.4, 344.7557, 1, 9.3
976.5, 107, 13.04.2023, 13:20, 31.9, 1.4, 344.7557, 1, 22.4
976.5, 38, 13.04.2023, 13:20, 31.9, 1.4, 344.7557, 1, 12.2
976.5, 39, 13.04.2023, 13:20, 31.9, 1.4, 349.1502, 1.2, 17
976.5, 109, 13.04.2023, 13:20, 31.9, 1.4, 155.5767, 1.2, 16.4
976.5, 40, 13.04.2023, 13:20, 31.9, 1.4, 349.1502, 1.2, 12.3
976.5, 118, 13.04.2023, 13:20, 31.9, 1.4, 154.9083, 1.2, 15.5
976.5, 72, 13.04.2023, 13:20, 31.9, 1.4, 349.1502, 1.2, 9.5
976.5, 119, 13.04.2023, 13:20, 31.9, 1.4, 156.834, 1.2, 15.6
976.5, 45, 13.04.2023, 13:20, 31.9, 1.4, 349.1502, 1.2, 17.5
976.5, 113, 13.04.2023, 13:20, 31.9, 1.4, 349.1502, 1.2, 17.7
976.5, 121, 13.04.2023, 13:20, 31.5, 1.5, 156.6541, 1, 17.9
976.5, 47, 13.04.2023, 13:20, 31.5, 1.5, 347.9819, 1, 15.5
976.5, 48, 13.04.2023, 13:20, 31.5, 1.5, 347.9819, 1, 17
976.5, 59, 13.04.2023, 13:20, 31.5, 1.5, 333.133, 1, 15.1
976.5, 75, 13.04.2023, 13:21, 31.6, 1.5, 155.9978, 1.7, 10.3
976.5, 77, 13.04.2023, 13:21, 31.6, 1.5, 156.5681, 1.7, 10.2
976.5, 9, 13.04.2023, 13:21, 31.6, 1.5, 333.133, 1.7, 16.1
976.5, 80, 13.04.2023, 13:21, 32.3, 1.5, 155.0997, 1.3, 20.1
976.5, 96, 13.04.2023, 13:21, 32.3, 1.5, 155.7226, 1.3, 13.6
976.5, 97, 13.04.2023, 13:21, 32.3, 1.5, 154.4285, 1.3, 9
976.5, 81, 13.04.2023, 13:21, 32.3, 1.5, 154.4285, 1.3, 15.6
976.5, 98, 13.04.2023, 13:21, 33.3, 1.5, 154.4285, 3, 9.6
976.5, 82, 13.04.2023, 13:21, 33.3, 1.5, 156.5053, 3, 11.8
976.5, 99, 13.04.2023, 13:21, 33.3, 1.5, 154.4285, 3, 11.5
976.5, 100, 13.04.2023, 13:21, 33.3, 1.5, 156.5053, 3, 11.7
976.5, 101, 13.04.2023, 13:21, 31.5, 1.5, 157.2077, 2.2, 13.9
976.5, 110, 13.04.2023, 13:22, 31.5, 1.5, 157.2077, 2.2, 15
976.5, 85, 13.04.2023, 13:22, 31.5, 1.5, 155.85, 2.2, 19
976.5, 87, 13.04.2023, 13:22, 31.5, 1.5, 155.4567, 2.2, 16.1
976.5, 41, 13.04.2023, 13:20, 31.9, 1.4, 349.1502, 1.2, 26.7
976.5, 50, 13.04.2023, 13:20, 31.5, 1.5, 361.96, 1, 14.5
976.5, 114, 13.04.2023, 13:20, 31.5, 1.5, 347.9819, 1, 16.7
976.5, 124, 13.04.2023, 13:20, 31.5, 1.5, 154.8461, 1, 19
976.5, 125, 13.04.2023, 13:20, 31.5, 1.5, 156.6541, 1, 16.1
976.5, 51, 13.04.2023, 13:20, 31.5, 1.5, 358.0058, 1, 10.3
976.5, 54, 13.04.2023, 13:20, 31.5, 1.5, 361.96, 1, 8.8
976.5, 1, 13.04.2023, 13:20, 31.5, 1.5, 333.133, 1, 15.3
976.5, 52, 13.04.2023, 13:20, 31.5, 1.5, 348.4959, 1, 16.2
976.5, 55, 13.04.2023, 13:20, 31.6, 1.5, 333.133, 1.7, 11.2
976.5, 4, 13.04.2023, 13:20, 31.6, 1.5, 348.4959, 1.7, 9.1
976.5, 56, 13.04.2023, 13:21, 31.6, 1.5, 348.4959, 1.7, 10.2
976.5, 76, 13.04.2023, 13:21, 31.6, 1.5, 155.9978, 1.7, 28.8
976.5, 6, 13.04.2023, 13:21, 31.6, 1.5, 368.0408, 1.7, 8.1
976.5, 57, 13.04.2023, 13:21, 31.6, 1.5, 333.133, 1.7, 12.4
976.5, 88, 13.04.2023, 13:21, 31.6, 1.5, 155.4429, 1.7, 19.7
976.5, 58, 13.04.2023, 13:21, 32.3, 1.5, 368.5426, 1.3, 9.8
976.5, 94, 13.04.2023, 13:21, 32.3, 1.5, 155.7226, 1.3, 13.9
976.5, 11, 13.04.2023, 13:21, 32.3, 1.5, 343.4615, 1.3, 12.1
976.5, 64, 13.04.2023, 13:21, 32.3, 1.5, 343.4615, 1.3, 15.9
976.5, 95, 13.04.2023, 13:21, 32.3, 1.5, 155.7226, 1.3, 13.9
976.5, 12, 13.04.2023, 13:21, 32.3, 1.5, 368.5426, 1.3, 11
976.5, 72, 13.04.2023, 13:21, 32.3, 1.5, 343.4615, 1.3, 10.4
976.5, 14, 13.04.2023, 13:21, 32.3, 1.5, 388.4087, 1.3, 6.9
976.5, 113, 13.04.2023, 13:21, 33.3, 1.5, 338.103, 3, 18.9
976.5, 16, 13.04.2023, 13:21, 33.3, 1.5, 388.2423, 3, 15.2
976.5, 53, 13.04.2023, 13:21, 33.3, 1.5, 363.6136, 3, 10.4
976.5, 114, 13.04.2023, 13:21, 33.3, 1.5, 338.103, 3, 17.8
976.5, 60, 13.04.2023, 13:21, 33.3, 1.5, 338.103, 3, 21.6
976.5, 54, 13.04.2023, 13:21, 33.3, 1.5, 388.2423, 3, 9.5
976.5, 83, 13.04.2023, 13:21, 33.3, 1.5, 156.5053, 3, 17.2
976.5, 61, 13.04.2023, 13:21, 33.3, 1.5, 328.0281, 3, 13
976.5, 55, 13.04.2023, 13:21, 31.5, 1.5, 328.0281, 2.2, 11.8
976.5, 84, 13.04.2023, 13:21, 31.5, 1.5, 157.2077, 2.2, 11.5
976.5, 62, 13.04.2023, 13:22, 31.5, 1.5, 328.0281, 2.2, 10.9
976.5, 56, 13.04.2023, 13:22, 31.5, 1.5, 360.775, 2.2, 11.2
976.5, 63, 13.04.2023, 13:22, 31.5, 1.5, 328.0281, 2.2, 14.7
976.5, 57, 13.04.2023, 13:22, 31.5, 1.5, 328.0281, 2.2, 12.9
976.5, 112, 13.04.2023, 13:22, 31.5, 1.5, 155.1472, 2.2, 15.4
976.5, 58, 13.04.2023, 13:22, 30.3, 1.4, 363.8512, 3.7, 10.4
976.5, 122, 13.04.2023, 13:22, 30.3, 1.4, 329.8668, 3.7, 29.7
976.5, 64, 13.04.2023, 13:22, 30.3, 1.4, 329.8668, 3.7, 16.5
976.5, 126, 13.04.2023, 13:22, 30.3, 1.4, 329.8668, 3.7, 12.8
976.5, 91, 13.04.2023, 13:22, 30.3, 1.4, 156.8495, 3.7, 19.4
976.5, 72, 13.04.2023, 13:22, 30.3, 1.4, 329.8668, 3.7, 10.8
976.5, 2, 13.04.2023, 13:22, 30.3, 1.4, 326.4289, 3.7, 14.1
976.5, 71, 13.04.2023, 13:22, 29.8, 1.3, 326.4289, 2.8, 17.8
976.5, 3, 13.04.2023, 13:22, 29.8, 1.3, 326.4289, 2.8, 7.3
976.5, 108, 13.04.2023, 13:22, 29.8, 1.3, 157.7136, 2.8, 21.8
976.5, 5, 13.04.2023, 13:22, 29.8, 1.3, 355.0923, 2.8, 16.6
976.5, 74, 13.04.2023, 13:22, 29.8, 1.3, 326.4289, 2.8, 21.9
976.5, 65, 13.04.2023, 13:22, 31.5, 1.5, 329.8668, 2.2, 18.8
976.5, 90, 13.04.2023, 13:22, 30.3, 1.4, 154.8789, 3.7, 15.1
976.5, 66, 13.04.2023, 13:22, 30.3, 1.4, 329.8668, 3.7, 21.3
976.5, 68, 13.04.2023, 13:22, 30.3, 1.4, 329.8668, 3.7, 20.2
976.5, 69, 13.04.2023, 13:22, 30.3, 1.4, 326.4289, 3.7, 20.5
976.5, 93, 13.04.2023, 13:22, 30.3, 1.4, 157.7136, 3.7, 11
976.5, 113, 13.04.2023, 13:22, 29.8, 1.3, 326.4289, 2.8, 19.2
976.5, 114, 13.04.2023, 13:22, 29.8, 1.3, 326.4289, 2.8, 18.4
976.5, 54, 13.04.2023, 13:22, 29.8, 1.3, 352.938, 2.8, 9.7
976.5, 7, 13.04.2023, 13:22, 29.8, 1.3, 352.938, 2.8, 15.4
976.5, 111, 13.04.2023, 13:22, 29.8, 1.3, 157.1554, 2.8, 16.6
976.5, 78, 13.04.2023, 13:22, 29.8, 1.3, 158.7853, 2.8, 12.8
976.5, 8, 13.04.2023, 13:22, 29.5, 1.2, 352.938, 1.3, 11.6
976.5, 55, 13.04.2023, 13:23, 29.5, 1.2, 323.7279, 1.3, 11.9
976.5, 115, 13.04.2023, 13:23, 29.5, 1.2, 157.1514, 1.3, 16
976.5, 102, 13.04.2023, 13:23, 29.5, 1.2, 157.1514, 1.3, 17.6
976.5, 26, 13.04.2023, 13:23, 29.5, 1.2, 323.7279, 1.3, 20.6
976.5, 56, 13.04.2023, 13:23, 29.5, 1.2, 347.5835, 1.3, 11.5
976.5, 104, 13.04.2023, 13:23, 29.5, 1.2, 157.1514, 1.3, 14.8
976.5, 116, 13.04.2023, 13:23, 29.5, 1.2, 157.1514, 1.3, 14.7
976.5, 27, 13.04.2023, 13:23, 29.5, 1.2, 321.2342, 1.3, 18.7
976.5, 57, 13.04.2023, 13:23, 29.5, 1.2, 321.2342, 1.3, 13.1
976.5, 105, 13.04.2023, 13:23, 29.5, 1.2, 157.5187, 1.3, 20.3
976.5, 117, 13.04.2023, 13:23, 29.3, 1.2, 157.5187, 4, 15.5
976.5, 28, 13.04.2023, 13:23, 29.3, 1.2, 321.2342, 4, 19.4
976.5, 58, 13.04.2023, 13:23, 29.3, 1.2, 339.5103, 4, 10.7
976.5, 107, 13.04.2023, 13:23, 29.3, 1.2, 321.2342, 4, 24.2
976.5, 29, 13.04.2023, 13:23, 29.3, 1.2, 321.2342, 4, 20.6
976.5, 123, 13.04.2023, 13:23, 29.3, 1.2, 157.8505, 4, 14.7
976.5, 64, 13.04.2023, 13:23, 29.3, 1.2, 321.2342, 4, 16.8
976.5, 109, 13.04.2023, 13:23, 29.3, 1.2, 157.8505, 4, 15.5
976.5, 30, 13.04.2023, 13:23, 29.3, 1.2, 317.0983, 4, 17.7
976.5, 72, 13.04.2023, 13:23, 29.3, 1.2, 317.0983, 4, 10.6
976.5, 118, 13.04.2023, 13:23, 29.3, 1.2, 156.1388, 4, 15.2
976.3, 31, 13.04.2023, 13:23, 29.3, 1.2, 317.0983, 3.4, 2.4
976.3, 17, 13.04.2023, 13:23, 29.3, 1.2, 156.2818, 3.4, 19.2
976.3, 119, 13.04.2023, 13:23, 29.3, 1.2, 157.6672, 3.4, 14.6
976.3, 113, 13.04.2023, 13:23, 29.3, 1.2, 317.0983, 3.4, 19.4
976.3, 33, 13.04.2023, 13:23, 29.3, 1.2, 317.0983, 3.4, 21.1
976.3, 18, 13.04.2023, 13:23, 29.3, 1.2, 156.2818, 3.4, 11.9
976.3, 121, 13.04.2023, 13:23, 29.3, 1.2, 157.6672, 3.4, 16.4
976.3, 114, 13.04.2023, 13:23, 29.3, 1.2, 317.0983, 3.4, 18.7
976.3, 34, 13.04.2023, 13:23, 29.3, 1.2, 312.5418, 3.4, 25.3
976.3, 124, 13.04.2023, 13:23, 29.3, 1.2, 157.3575, 3.4, 17.3
976.3, 19, 13.04.2023, 13:23, 29.3, 1.2, 330.4694, 3.4, 20.6
976.3, 54, 13.04.2023, 13:23, 29.3, 1.2, 359.0107, 3.4, 9.7
976.3, 35, 13.04.2023, 13:23, 29.3, 1.2, 312.5418, 3.4, 19.1
976.5, 125, 13.04.2023, 13:24, 29.4, 1.1, 158.1518, 2.8, 17.2
976.5, 36, 13.04.2023, 13:24, 29.4, 1.1, 312.5418, 2.8, 23
976.5, 20, 13.04.2023, 13:24, 29.4, 1.1, 330.4694, 2.8, 3.4
976.5, 55, 13.04.2023, 13:24, 29.4, 1.1, 312.5418, 2.8, 11.7
976.5, 1, 13.04.2023, 13:24, 29.4, 1.1, 312.5418, 2.8, 15.3
976.5, 37, 13.04.2023, 13:24, 29.4, 1.1, 312.5418, 2.8, 11.9
976.5, 56, 13.04.2023, 13:24, 29.4, 1.1, 329.2708, 2.8, 11.5
976.5, 4, 13.04.2023, 13:24, 29.4, 1.1, 329.2708, 2.8, 9.1
976.5, 21, 13.04.2023, 13:24, 29.4, 1.1, 354.0267, 2.8, 19.8
976.5, 38, 13.04.2023, 13:24, 29.4, 1.1, 314.9494, 2.8, 13.5
976.5, 6, 13.04.2023, 13:24, 29.4, 1.1, 354.0267, 2.8, 7
976.5, 57, 13.04.2023, 13:24, 29.4, 1.1, 314.9494, 2.8, 13.2
976.3, 22, 13.04.2023, 13:24, 29.5, 1.1, 354.0267, 1.5, 13
976.3, 39, 13.04.2023, 13:24, 29.5, 1.1, 314.9494, 1.5, 19.5
976.3, 9, 13.04.2023, 13:24, 29.5, 1.1, 314.9494, 1.5, 15.2
976.3, 58, 13.04.2023, 13:24, 29.5, 1.1, 329.2708, 1.5, 10.8
976.3, 23, 13.04.2023, 13:24, 29.5, 1.1, 157.9306, 1.5, 7.5
976.3, 40, 13.04.2023, 13:24, 29.5, 1.1, 314.9494, 1.5, 13.2
976.3, 11, 13.04.2023, 13:24, 29.5, 1.1, 312.9346, 1.5, 13.2
976.3, 64, 13.04.2023, 13:24, 29.5, 1.1, 312.9346, 1.5, 16.8
976.3, 24, 13.04.2023, 13:24, 29.5, 1.1, 157.6061, 1.5, 15.3
976.3, 41, 13.04.2023, 13:24, 29.5, 1.1, 312.9346, 1.5, 28.3
976.3, 12, 13.04.2023, 13:24, 29.5, 1.1, 326.318, 1.5, 11
976.3, 14, 13.04.2023, 13:24, 29.6, 1.1, 350.9805, 1.4, 6.3
976.3, 25, 13.04.2023, 13:24, 29.6, 1.1, 312.9346, 1.4, 6.3
976.3, 50, 13.04.2023, 13:24, 29.6, 1.1, 350.9805, 1.4, 15.3
976.3, 16, 13.04.2023, 13:24, 29.6, 1.1, 350.9805, 1.4, 15
976.3, 42, 13.04.2023, 13:24, 29.6, 1.1, 308.5509, 1.4, 18.9
976.3, 56, 13.04.2023, 13:25, 30.7, 1.2, 320.2143, 2.5, 11.9
976.3, 47, 13.04.2023, 13:25, 30.7, 1.2, 309.0566, 2.5, 16.8
976.3, 57, 13.04.2023, 13:25, 31.1, 1.2, 309.0566, 1.7, 13.2
976.3, 48, 13.04.2023, 13:25, 31.1, 1.2, 309.0566, 1.7, 19.7
976.3, 58, 13.04.2023, 13:25, 31.1, 1.2, 320.2143, 1.7, 11.2
976.3, 95, 13.04.2023, 13:25, 31.1, 1.2, 156.8592, 1.7, 14.3
976.3, 59, 13.04.2023, 13:25, 31.1, 1.2, 311.5315, 1.7, 17.3
976.3, 66, 13.04.2023, 13:25, 31.1, 1.2, 311.5315, 1.7, 21.7
976.3, 96, 13.04.2023, 13:25, 31.1, 1.2, 156.8592, 1.7, 15
976.3, 64, 13.04.2023, 13:25, 31.1, 1.2, 311.5315, 1.7, 17.2
976.3, 75, 13.04.2023, 13:25, 30.6, 1.2, 156.8592, 2.5, 10.8
976.3, 97, 13.04.2023, 13:25, 30.6, 1.2, 156.4278, 2.5, 9.3
976.3, 68, 13.04.2023, 13:25, 30.6, 1.2, 311.5315, 2.5, 20.8
976.3, 72, 13.04.2023, 13:25, 30.6, 1.2, 311.5315, 2.5, 10.9
976.3, 98, 13.04.2023, 13:25, 30.6, 1.2, 156.4278, 2.5, 10.7
976.3, 69, 13.04.2023, 13:25, 30.6, 1.2, 311.5315, 2.5, 21
976.3, 113, 13.04.2023, 13:25, 30.6, 1.2, 311.5315, 2.5, 20
976.3, 77, 13.04.2023, 13:25, 30.6, 1.2, 157.382, 2.5, 10.7
976.3, 99, 13.04.2023, 13:25, 30.6, 1.2, 157.2073, 2.5, 12.2
976.3, 71, 13.04.2023, 13:25, 30.6, 1.2, 315.8626, 2.5, 17.5
976.3, 114, 13.04.2023, 13:25, 30.6, 1.2, 315.8626, 2.5, 19.3
976.3, 79, 13.04.2023, 13:26, 30.6, 1.2, 158.0196, 2.5, 21.3
976.3, 100, 13.04.2023, 13:26, 30.6, 1.2, 158.5305, 2.5, 13
976.3, 74, 13.04.2023, 13:26, 30.3, 1.2, 315.8626, 1.7, 22.6
976.3, 54, 13.04.2023, 13:26, 30.3, 1.2, 352.4714, 1.7, 10.1
976.3, 101, 13.04.2023, 13:26, 30.3, 1.2, 158.5305, 1.7, 14.5
976.3, 80, 13.04.2023, 13:26, 30.3, 1.2, 157.2073, 1.7, 21.6
976.3, 78, 13.04.2023, 13:26, 30.3, 1.2, 158.2933, 1.7, 14.1
976.3, 110, 13.04.2023, 13:26, 30.3, 1.2, 158.2933, 1.7, 15.8
976.3, 81, 13.04.2023, 13:26, 30.3, 1.2, 157.2398, 1.7, 16.5
976.3, 102, 13.04.2023, 13:26, 30.3, 1.2, 158.0016, 1.7, 18.4
976.3, 112, 13.04.2023, 13:26, 30.3, 1.2, 157.2398, 1.7, 16.9
976.3, 82, 13.04.2023, 13:26, 30.3, 1.2, 158.2933, 1.7, 12.6
976.3, 104, 13.04.2023, 13:26, 30, 1.2, 158.0016, 0.9, 15
976.3, 122, 13.04.2023, 13:26, 30, 1.2, 319.2069, 0.9, 29.9
976.3, 105, 13.04.2023, 13:26, 30, 1.2, 157.2398, 0.9, 21.5
976.3, 83, 13.04.2023, 13:26, 30, 1.2, 158.5181, 0.9, 19.6
976.3, 58, 13.04.2023, 13:26, 30, 1.2, 329.5437, 0.9, 11.5
976.3, 126, 13.04.2023, 13:26, 30, 1.2, 322.902, 0.9, 13.1
976.3, 107, 13.04.2023, 13:26, 30, 1.2, 322.902, 0.9, 25.5
976.3, 84, 13.04.2023, 13:26, 30, 1.2, 158.5181, 0.9, 12.4
976.3, 72, 13.04.2023, 13:24, 29.6, 1.1, 312.9346, 1.4, 10.9
976.3, 113, 13.04.2023, 13:24, 29.6, 1.1, 312.9346, 1.4, 19.6
976.3, 114, 13.04.2023, 13:24, 29.6, 1.1, 308.5509, 1.4, 18.8
976.3, 51, 13.04.2023, 13:24, 29.6, 1.1, 323.9587, 1.4, 12.3
976.3, 53, 13.04.2023, 13:24, 29.6, 1.1, 323.9587, 1.4, 10.4
976.3, 52, 13.04.2023, 13:25, 30.7, 1.2, 323.9587, 2.5, 17.3
976.3, 54, 13.04.2023, 13:25, 30.7, 1.2, 346.4937, 2.5, 9.8
976.3, 44, 13.04.2023, 13:25, 30.7, 1.2, 308.5509, 2.5, 19.1
976.3, 60, 13.04.2023, 13:25, 30.7, 1.2, 308.5509, 2.5, 21.1
976.3, 61, 13.04.2023, 13:25, 30.7, 1.2, 308.5509, 2.5, 12.4
976.3, 55, 13.04.2023, 13:25, 30.7, 1.2, 308.5509, 2.5, 11.9
976.3, 76, 13.04.2023, 13:25, 30.7, 1.2, 156.8053, 2.5, 26.9
976.3, 45, 13.04.2023, 13:25, 30.7, 1.2, 308.5509, 2.5, 19.6
976.3, 62, 13.04.2023, 13:25, 30.7, 1.2, 309.0566, 2.5, 10.6
976.3, 88, 13.04.2023, 13:25, 30.7, 1.2, 156.5615, 2.5, 18.8
976.3, 63, 13.04.2023, 13:25, 31.1, 1.2, 309.0566, 1.7, 15.5
976.3, 94, 13.04.2023, 13:25, 31.1, 1.2, 157.0695, 1.7, 14
976.3, 65, 13.04.2023, 13:25, 31.1, 1.2, 309.0566, 1.7, 18.5
976.3, 55, 13.04.2023, 13:26, 30.3, 1.2, 319.2069, 1.7, 12.2
976.3, 56, 13.04.2023, 13:26, 30.3, 1.2, 327.4766, 1.7, 12
976.3, 57, 13.04.2023, 13:26, 30, 1.2, 319.2069, 0.9, 13.5
976.3, 109, 13.04.2023, 13:26, 29.8, 1.2, 158.0787, 1.9, 17
976.3, 72, 13.04.2023, 13:26, 29.8, 1.2, 322.902, 1.9, 11.3
976.3, 118, 13.04.2023, 13:26, 29.8, 1.2, 158.0549, 1.9, 16.7
976.3, 3, 13.04.2023, 13:26, 29.8, 1.2, 324.6341, 1.9, 7.4
976.3, 113, 13.04.2023, 13:26, 29.8, 1.2, 324.6341, 1.9, 20.6
976.3, 119, 13.04.2023, 13:26, 29.8, 1.2, 159.3092, 1.9, 16.3
976.3, 5, 13.04.2023, 13:26, 29.8, 1.2, 326.7397, 1.9, 16.7
976.3, 114, 13.04.2023, 13:27, 29.8, 1.2, 324.6341, 1.9, 19.7
976.3, 121, 13.04.2023, 13:27, 29.8, 1.2, 159.3092, 1.9, 19
976.3, 7, 13.04.2023, 13:27, 29.8, 1.2, 354.8177, 1.9, 16.2
976.3, 124, 13.04.2023, 13:27, 29.7, 1.2, 158.0549, 1, 19.5
976.3, 8, 13.04.2023, 13:27, 29.7, 1.2, 354.8177, 1, 11.7
976.3, 91, 13.04.2023, 13:27, 29.7, 1.2, 159.3092, 1, 20.1
976.3, 93, 13.04.2023, 13:27, 29.7, 1.2, 158.8767, 1, 12.7
976.3, 1, 13.04.2023, 13:27, 29.7, 1.2, 334.1165, 1, 16.5
976.3, 27, 13.04.2023, 13:27, 29.7, 1.2, 334.1165, 1, 19.2
976.3, 56, 13.04.2023, 13:27, 29.7, 1.2, 320.3261, 1, 12.2
976.3, 4, 13.04.2023, 13:27, 29.9, 1.2, 320.3261, 0.6, 10.2
976.3, 108, 13.04.2023, 13:27, 29.9, 1.2, 158.8767, 0.6, 24.2
976.3, 28, 13.04.2023, 13:27, 29.9, 1.2, 334.1165, 0.6, 20.3
976.3, 57, 13.04.2023, 13:27, 29.9, 1.2, 334.1165, 0.6, 13.8
976.3, 6, 13.04.2023, 13:27, 29.9, 1.2, 353.194, 0.6, 8
976.3, 29, 13.04.2023, 13:27, 29.9, 1.2, 339.9423, 0.6, 21.4
976.3, 9, 13.04.2023, 13:27, 29.9, 1.2, 339.9423, 0.6, 17.6
976.3, 30, 13.04.2023, 13:27, 29.9, 1.2, 339.9423, 0.6, 18.1
976.3, 11, 13.04.2023, 13:27, 29.9, 1.2, 339.9423, 0.6, 14.1
976.3, 12, 13.04.2023, 13:27, 30, 1.3, 320.241, 1.4, 12
976.3, 14, 13.04.2023, 13:27, 30, 1.3, 348.0596, 1.4, 7.1
976.3, 16, 13.04.2023, 13:28, 30, 1.3, 348.0596, 1.4, 16.7
976.3, 53, 13.04.2023, 13:28, 29.8, 1.4, 320.241, 0.9, 10.9
976.3, 54, 13.04.2023, 13:28, 29.8, 1.4, 348.7658, 0.9, 10.6
976.3, 123, 13.04.2023, 13:28, 29.8, 1.4, 156.3659, 0.9, 16
976.3, 60, 13.04.2023, 13:28, 29.8, 1.4, 340.617, 0.9, 24.7
976.3, 38, 13.04.2023, 13:28, 29.5, 1.4, 340.617, 1.4, 13.6
976.3, 39, 13.04.2023, 13:28, 29.5, 1.4, 340.6192, 1.4, 20.5
976.3, 58, 13.04.2023, 13:28, 29.5, 1.4, 329.8915, 1.4, 12.2
976.3, 40, 13.04.2023, 13:28, 29.5, 1.4, 340.6192, 1.4, 13.7
976.3, 64, 13.04.2023, 13:26, 30, 1.2, 322.902, 0.9, 17.7
976.3, 2, 13.04.2023, 13:26, 29.8, 1.2, 322.902, 1.9, 15.4
976.3, 85, 13.04.2023, 13:26, 29.8, 1.2, 158.0787, 1.9, 17.9
976.3, 87, 13.04.2023, 13:26, 29.8, 1.2, 157.9758, 1.9, 17.4
976.3, 90, 13.04.2023, 13:27, 29.8, 1.2, 158.0549, 1.9, 16.8
976.3, 54, 13.04.2023, 13:27, 29.7, 1.2, 354.8177, 1, 10.2
976.3, 125, 13.04.2023, 13:27, 29.7, 1.2, 158.8767, 1, 17.9
976.3, 55, 13.04.2023, 13:27, 29.7, 1.2, 334.1165, 1, 12.4
976.3, 26, 13.04.2023, 13:27, 29.7, 1.2, 334.1165, 1, 21.3
976.3, 58, 13.04.2023, 13:27, 29.9, 1.2, 327.3013, 0.6, 12.1
976.3, 111, 13.04.2023, 13:27, 29.9, 1.2, 157.6343, 0.6, 17.6
976.3, 64, 13.04.2023, 13:27, 29.9, 1.2, 339.9423, 0.6, 18.2
976.3, 115, 13.04.2023, 13:27, 29.9, 1.2, 156.5921, 0.6, 17.7
976.3, 31, 13.04.2023, 13:27, 30, 1.3, 339.9423, 1.4, 19.7
976.3, 72, 13.04.2023, 13:27, 30, 1.3, 339.9423, 1.4, 11.8
976.3, 116, 13.04.2023, 13:27, 30, 1.3, 157.4533, 1.4, 16.7
976.3, 33, 13.04.2023, 13:27, 30, 1.3, 341.0055, 1.4, 23.6
976.3, 113, 13.04.2023, 13:27, 30, 1.3, 341.0055, 1.4, 21.1
976.3, 34, 13.04.2023, 13:28, 30, 1.3, 341.0055, 1.4, 28.4
976.3, 114, 13.04.2023, 13:28, 30, 1.3, 341.0055, 1.4, 20.3
976.3, 35, 13.04.2023, 13:28, 29.8, 1.4, 341.0055, 0.9, 20.5
976.3, 36, 13.04.2023, 13:28, 29.8, 1.4, 340.617, 0.9, 24.3
976.3, 55, 13.04.2023, 13:28, 29.8, 1.4, 340.617, 0.9, 12.4
976.3, 17, 13.04.2023, 13:28, 29.8, 1.4, 156.3659, 0.9, 19.7
976.3, 37, 13.04.2023, 13:28, 29.8, 1.4, 340.617, 0.9, 12.2
976.3, 61, 13.04.2023, 13:28, 29.8, 1.4, 340.617, 0.9, 14.3
976.3, 56, 13.04.2023, 13:28, 29.8, 1.4, 322.4053, 0.9, 12.3
976.3, 62, 13.04.2023, 13:28, 29.5, 1.4, 340.617, 1.4, 9.7
976.3, 18, 13.04.2023, 13:28, 29.5, 1.4, 156.3659, 1.4, 13
976.3, 57, 13.04.2023, 13:28, 29.5, 1.4, 340.6192, 1.4, 13.9
976.3, 63, 13.04.2023, 13:28, 29.5, 1.4, 340.6192, 1.4, 16.6
976.3, 19, 13.04.2023, 13:28, 29.5, 1.4, 329.8915, 1.4, 19.7
976.3, 65, 13.04.2023, 13:28, 29.5, 1.4, 340.6192, 1.4, 19
976.3, 20, 13.04.2023, 13:28, 29.5, 1.4, 329.8915, 1.4, 3.6
976.3, 66, 13.04.2023, 13:28, 29.4, 1.5, 340.6192, 1.2, 23.2
976.3, 21, 13.04.2023, 13:28, 29.4, 1.5, 350.6626, 1.2, 19.4
976.3, 68, 13.04.2023, 13:28, 29.4, 1.5, 339.3699, 1.2, 22.5
976.3, 50, 13.04.2023, 13:28, 29.4, 1.5, 350.6626, 1.2, 14.7
976.3, 22, 13.04.2023, 13:29, 29.4, 1.5, 350.6626, 1.2, 14.7
976.3, 69, 13.04.2023, 13:29, 29.4, 1.5, 339.3699, 1.2, 20.9
976.3, 51, 13.04.2023, 13:29, 29.4, 1.5, 327.0646, 1.2, 12.3
976.3, 23, 13.04.2023, 13:29, 29.7, 1.5, 156.7441, 1.6, 8.3
976.3, 24, 13.04.2023, 13:29, 29.7, 1.5, 156.7441, 1.6, 14.6
976.3, 78, 13.04.2023, 13:29, 29.7, 1.5, 156.7441, 1.6, 12.8
976.3, 102, 13.04.2023, 13:29, 29.6, 1.4, 155.7285, 1.7, 16.4
976.3, 104, 13.04.2023, 13:29, 29.6, 1.4, 155.7285, 1.7, 14.5
976.3, 105, 13.04.2023, 13:29, 29.6, 1.4, 156.6915, 1.7, 18.8
976.3, 72, 13.04.2023, 13:30, 30.6, 1.3, 351.9526, 0.6, 10.9
976.3, 98, 13.04.2023, 13:30, 30.6, 1.3, 157.2696, 0.6, 7.7
976.3, 113, 13.04.2023, 13:30, 30.6, 1.3, 351.9526, 0.6, 19.4
976.3, 99, 13.04.2023, 13:30, 30.6, 1.3, 157.2696, 0.6, 11.1
976.3, 114, 13.04.2023, 13:30, 31.7, 1.2, 358.3313, 1.9, 18.6
976.3, 100, 13.04.2023, 13:30, 31.7, 1.2, 157.4385, 1.9, 12.7
976.3, 101, 13.04.2023, 13:30, 31.7, 1.2, 157.4385, 1.9, 13.9
976.3, 110, 13.04.2023, 13:30, 31.7, 1.2, 157.4385, 1.9, 13.9
976.3, 112, 13.04.2023, 13:30, 31.7, 1.2, 157.7349, 1.9, 13.9
976.3, 56, 13.04.2023, 13:30, 31.5, 1.2, 331.3966, 1.7, 9.6
976.3, 57, 13.04.2023, 13:30, 31.5, 1.2, 358.9551, 1.7, 11.4
976.3, 64, 13.04.2023, 13:28, 29.4, 1.5, 340.6192, 1.2, 18.3
976.3, 41, 13.04.2023, 13:28, 29.4, 1.5, 340.6192, 1.2, 28.3
976.3, 72, 13.04.2023, 13:28, 29.4, 1.5, 339.3699, 1.2, 12
976.3, 113, 13.04.2023, 13:29, 29.4, 1.5, 339.3699, 1.2, 21.1
976.3, 114, 13.04.2023, 13:29, 29.4, 1.5, 339.3699, 1.2, 19.9
976.3, 71, 13.04.2023, 13:29, 29.7, 1.5, 339.3699, 1.6, 20.1
976.3, 52, 13.04.2023, 13:29, 29.7, 1.5, 326.8394, 1.6, 16.2
976.3, 54, 13.04.2023, 13:29, 29.7, 1.5, 351.677, 1.6, 10.2
976.3, 74, 13.04.2023, 13:29, 29.7, 1.5, 339.1506, 1.6, 23.1
976.3, 76, 13.04.2023, 13:29, 29.7, 1.5, 154.6759, 1.6, 18.2
976.3, 55, 13.04.2023, 13:29, 29.7, 1.5, 339.1506, 1.6, 11.9
976.3, 88, 13.04.2023, 13:29, 29.7, 1.5, 155.9325, 1.6, 17.8
976.3, 25, 13.04.2023, 13:29, 29.7, 1.5, 339.1506, 1.6, 7.3
976.3, 56, 13.04.2023, 13:29, 29.6, 1.4, 333.0459, 1.7, 11.5
976.3, 94, 13.04.2023, 13:29, 29.6, 1.4, 155.7285, 1.7, 12.1
976.3, 57, 13.04.2023, 13:29, 29.6, 1.4, 343.4581, 1.7, 13.3
976.3, 42, 13.04.2023, 13:29, 29.6, 1.4, 343.4581, 1.7, 15.4
976.3, 95, 13.04.2023, 13:29, 29.6, 1.4, 155.7285, 1.7, 11.7
976.3, 58, 13.04.2023, 13:29, 29.6, 1.4, 333.0459, 1.7, 11.1
976.3, 44, 13.04.2023, 13:29, 29.6, 1.4, 343.4581, 1.7, 14.8
976.3, 96, 13.04.2023, 13:29, 29.6, 1.4, 155.7285, 1.7, 14.4
976.3, 64, 13.04.2023, 13:29, 30.6, 1.3, 351.9526, 0.6, 16.9
976.3, 107, 13.04.2023, 13:29, 30.6, 1.3, 351.9526, 0.6, 20.6
976.3, 97, 13.04.2023, 13:29, 30.6, 1.3, 157.2696, 0.6, 7.2
976.3, 45, 13.04.2023, 13:29, 30.6, 1.3, 351.9526, 0.6, 15.1
976.3, 109, 13.04.2023, 13:30, 30.6, 1.3, 156.5156, 0.6, 13.8
976.3, 47, 13.04.2023, 13:30, 30.6, 1.3, 351.9526, 0.6, 15.3
976.3, 118, 13.04.2023, 13:30, 30.6, 1.3, 157.2696, 0.6, 13.1
976.3, 48, 13.04.2023, 13:30, 30.6, 1.3, 351.9526, 0.6, 14.8
976.3, 119, 13.04.2023, 13:30, 31.7, 1.2, 157.4385, 1.9, 12.1
976.3, 59, 13.04.2023, 13:30, 31.7, 1.2, 358.3313, 1.9, 15
976.3, 121, 13.04.2023, 13:30, 31.7, 1.2, 157.4385, 1.9, 11.9
976.3, 54, 13.04.2023, 13:30, 31.7, 1.2, 373.5867, 1.9, 8.6
976.3, 124, 13.04.2023, 13:30, 31.7, 1.2, 157.4427, 1.9, 15.9
976.3, 75, 13.04.2023, 13:30, 31.7, 1.2, 156.0595, 1.9, 9.6
976.3, 55, 13.04.2023, 13:30, 31.7, 1.2, 358.3313, 1.9, 10.4
976.3, 125, 13.04.2023, 13:30, 31.7, 1.2, 157.4385, 1.9, 15.1
976.3, 77, 13.04.2023, 13:30, 31.5, 1.2, 157.77, 1.7, 9.1
976.3, 122, 13.04.2023, 13:30, 31.5, 1.2, 358.9551, 1.7, 24.8
976.3, 1, 13.04.2023, 13:30, 31.5, 1.2, 358.9551, 1.7, 13.3
976.3, 79, 13.04.2023, 13:30, 31.5, 1.2, 156.4905, 1.7, 9.3
976.3, 4, 13.04.2023, 13:30, 31.5, 1.2, 331.3966, 1.7, 8.3
976.3, 126, 13.04.2023, 13:30, 31.5, 1.2, 358.9551, 1.7, 11.9
976.3, 80, 13.04.2023, 13:30, 31.5, 1.2, 157.7349, 1.7, 14.7
976.3, 2, 13.04.2023, 13:30, 30.8, 1.2, 349.4712, 1.6, 11.8
976.3, 3, 13.04.2023, 13:31, 30.8, 1.2, 349.4712, 1.6, 7.4
976.3, 5, 13.04.2023, 13:31, 30.8, 1.2, 330.8241, 1.6, 16.4
976.3, 7, 13.04.2023, 13:31, 31.1, 1.1, 368.2885, 0.2, 13.7
976.3, 14, 13.04.2023, 13:31, 31.1, 1.1, 368.2885, 0.2, 4.4
976.3, 84, 13.04.2023, 13:31, 31.1, 1.1, 158.6422, 0.2, 7.3
976.3, 85, 13.04.2023, 13:31, 31.1, 1.1, 156.5118, 0.2, 12.4
976.3, 87, 13.04.2023, 13:31, 31.5, 1.1, 156.5118, 1, 14
976.3, 90, 13.04.2023, 13:31, 31.5, 1.1, 157.1094, 1, 14
976.3, 91, 13.04.2023, 13:31, 31.6, 1.2, 157.9732, 1, 12.5
976.3, 93, 13.04.2023, 13:32, 31.6, 1.2, 157.9732, 1, 9
976.3, 108, 13.04.2023, 13:32, 31.6, 1.2, 158.2371, 1, 18.2
976.3, 111, 13.04.2023, 13:32, 31.5, 1.2, 156.9165, 0.3, 11.5
976.3, 115, 13.04.2023, 13:32, 31.5, 1.2, 156.5359, 0.3, 13.5
976.3, 58, 13.04.2023, 13:30, 31.5, 1.2, 331.3966, 1.7, 9.4
976.3, 6, 13.04.2023, 13:30, 31.5, 1.2, 377.9286, 1.7, 5
976.3, 9, 13.04.2023, 13:30, 30.8, 1.2, 349.4712, 1.6, 12.2
976.3, 64, 13.04.2023, 13:30, 30.8, 1.2, 349.4712, 1.6, 15
976.3, 11, 13.04.2023, 13:31, 30.8, 1.2, 349.4712, 1.6, 11.3
976.3, 72, 13.04.2023, 13:31, 30.8, 1.2, 349.4712, 1.6, 9
976.3, 82, 13.04.2023, 13:31, 30.8, 1.2, 158.1056, 1.6, 6.9
976.3, 12, 13.04.2023, 13:31, 30.8, 1.2, 330.8241, 1.6, 8.5
976.3, 113, 13.04.2023, 13:31, 30.8, 1.2, 349.4712, 1.6, 17.5
976.3, 83, 13.04.2023, 13:31, 31.1, 1.1, 158.6422, 0.2, 12.8
976.3, 114, 13.04.2023, 13:31, 31.1, 1.1, 345.3403, 0.2, 16.9
976.3, 72, 13.04.2023, 13:33, 30.6, 1.3, 347.561, 0.9, 8.6
976.3, 113, 13.04.2023, 13:33, 30, 1.4, 347.561, 0.6, 17.9
976.3, 114, 13.04.2023, 13:33, 30, 1.4, 347.561, 0.6, 17.3
976.3, 20, 13.04.2023, 13:33, 30, 1.4, 349.2487, 0.6, 2.5
976.3, 21, 13.04.2023, 13:33, 29.6, 1.5, 352.8679, 1.2, 19.4
976.3, 22, 13.04.2023, 13:33, 29.6, 1.5, 352.8679, 1.2, 12.4
976.3, 23, 13.04.2023, 13:33, 29.6, 1.5, 156.502, 1.2, 7.5
976.3, 24, 13.04.2023, 13:34, 29.3, 1.5, 156.502, 1.1, 17.7
976.3, 25, 13.04.2023, 13:34, 29.3, 1.5, 337.3075, 1.1, 8.1
976.3, 42, 13.04.2023, 13:34, 29.2, 1.6, 337.3075, 1.2, 16.7
976.3, 44, 13.04.2023, 13:34, 29.2, 1.6, 337.3075, 1.2, 16.8
976.3, 45, 13.04.2023, 13:34, 29.2, 1.6, 342.2326, 1.2, 17.6
976.3, 47, 13.04.2023, 13:34, 29.1, 1.6, 342.2326, 0.9, 15.6
976.3, 48, 13.04.2023, 13:34, 29.1, 1.6, 344.443, 0.9, 15.3
976.3, 59, 13.04.2023, 13:35, 29.1, 1.6, 344.443, 0.9, 16.2
976.1, 75, 13.04.2023, 13:35, 29.2, 1.6, 154.1447, 1, 11
976.1, 77, 13.04.2023, 13:35, 29.2, 1.6, 155.5097, 1, 11.4
976.3, 79, 13.04.2023, 13:35, 30.3, 1.6, 153.9799, 1.2, 23.3
976.3, 80, 13.04.2023, 13:35, 30.3, 1.6, 155.2655, 1.2, 22
976.3, 81, 13.04.2023, 13:35, 30.3, 1.6, 155.2655, 1.2, 18.2
976.3, 82, 13.04.2023, 13:35, 30.4, 1.7, 155.4685, 0.5, 13.5
976.3, 29, 13.04.2023, 13:35, 30.4, 1.7, 342.0662, 0.5, 21.4
976.3, 83, 13.04.2023, 13:35, 30.4, 1.7, 155.8223, 0.5, 20.9
976.3, 30, 13.04.2023, 13:36, 30.7, 1.8, 342.0662, 0.2, 17.7
976.3, 84, 13.04.2023, 13:36, 30.7, 1.8, 155.8223, 0.2, 14.9
976.3, 31, 13.04.2023, 13:36, 30.7, 1.8, 336.1068, 0.2, 18.4
976.3, 85, 13.04.2023, 13:36, 30.7, 1.8, 154.5505, 0.2, 20.7
976.3, 33, 13.04.2023, 13:36, 30.7, 1.8, 336.1068, 0.2, 24.3
976.3, 87, 13.04.2023, 13:36, 30.7, 1.8, 154.5505, 0.2, 19.3
976.3, 34, 13.04.2023, 13:36, 30.8, 1.9, 336.1068, 0.9, 28.4
976.3, 90, 13.04.2023, 13:36, 30.8, 1.9, 155.8349, 0.9, 17.4
976.3, 35, 13.04.2023, 13:36, 30.8, 1.9, 335.4232, 0.9, 19
976.3, 36, 13.04.2023, 13:36, 30.8, 1.9, 335.4232, 0.9, 24.6
976.3, 91, 13.04.2023, 13:36, 30.8, 1.9, 155.7615, 0.9, 22
976.3, 37, 13.04.2023, 13:36, 30.8, 1.9, 335.4232, 0.9, 11.7
976.3, 93, 13.04.2023, 13:36, 30.4, 2, 155.7615, 0.9, 15.1
976.3, 38, 13.04.2023, 13:36, 30.4, 2, 335.4232, 0.9, 13.4
976.3, 108, 13.04.2023, 13:36, 30.4, 2, 156.1216, 0.9, 24.2
976.3, 39, 13.04.2023, 13:36, 30.4, 2, 333.6304, 0.9, 19.1
976.3, 40, 13.04.2023, 13:37, 30.4, 2, 333.6304, 0.9, 17.1
976.3, 111, 13.04.2023, 13:37, 30.4, 2, 155.0827, 0.9, 19.1
976.3, 41, 13.04.2023, 13:37, 30.1, 1.9, 331.5296, 0.5, 25.5
976.3, 115, 13.04.2023, 13:37, 30.1, 1.9, 154.243, 0.5, 18.4
976.3, 50, 13.04.2023, 13:37, 30.1, 1.9, 309.1946, 0.5, 14.6
976.3, 116, 13.04.2023, 13:37, 30.1, 1.9, 154.243, 0.5, 16.7
976.3, 51, 13.04.2023, 13:37, 30.2, 1.9, 303.8113, 1.3, 11.1
976.3, 117, 13.04.2023, 13:37, 30.2, 1.9, 155.7991, 1.3, 12.9
976.3, 8, 13.04.2023, 13:31, 31.1, 1.1, 368.2885, 0.2, 10.1
976.3, 16, 13.04.2023, 13:31, 31.1, 1.1, 368.2885, 0.2, 10.2
976.3, 54, 13.04.2023, 13:31, 31.1, 1.1, 368.2885, 0.2, 7.4
976.3, 26, 13.04.2023, 13:31, 31.1, 1.1, 345.3403, 0.2, 17.7
976.3, 53, 13.04.2023, 13:31, 31.1, 1.1, 334.0018, 0.2, 8.6
976.3, 27, 13.04.2023, 13:31, 31.1, 1.1, 339.6197, 0.2, 16.7
976.3, 55, 13.04.2023, 13:31, 31.1, 1.1, 339.6197, 0.2, 9.2
976.3, 60, 13.04.2023, 13:31, 31.5, 1.1, 339.6197, 1, 13.7
976.3, 28, 13.04.2023, 13:31, 31.5, 1.1, 339.6197, 1, 15.5
976.3, 56, 13.04.2023, 13:31, 31.5, 1.1, 329.5547, 1, 8.6
976.3, 61, 13.04.2023, 13:31, 31.5, 1.1, 339.6197, 1, 10.2
976.3, 29, 13.04.2023, 13:31, 31.5, 1.1, 339.6197, 1, 17.6
976.3, 62, 13.04.2023, 13:31, 31.5, 1.1, 339.6197, 1, 7.1
976.3, 57, 13.04.2023, 13:31, 31.5, 1.1, 339.6197, 1, 10.3
976.3, 30, 13.04.2023, 13:31, 31.5, 1.1, 342.7386, 1, 13.4
976.3, 63, 13.04.2023, 13:31, 31.5, 1.1, 342.7386, 1, 13.5
976.3, 58, 13.04.2023, 13:31, 31.5, 1.1, 322.9129, 1, 8.4
976.3, 31, 13.04.2023, 13:32, 31.6, 1.2, 342.7386, 1, 13.7
976.3, 65, 13.04.2023, 13:32, 31.6, 1.2, 342.7386, 1, 15.4
976.3, 64, 13.04.2023, 13:32, 31.6, 1.2, 342.7386, 1, 13.8
976.3, 33, 13.04.2023, 13:32, 31.6, 1.2, 342.7386, 1, 13.5
976.3, 66, 13.04.2023, 13:32, 31.6, 1.2, 342.7386, 1, 18.3
976.3, 72, 13.04.2023, 13:32, 31.6, 1.2, 342.7386, 1, 8
976.3, 68, 13.04.2023, 13:32, 31.6, 1.2, 345.8544, 1, 13.6
976.3, 34, 13.04.2023, 13:32, 31.6, 1.2, 345.8544, 1, 17.6
976.3, 113, 13.04.2023, 13:32, 31.5, 1.2, 345.8544, 0.3, 16.7
976.3, 35, 13.04.2023, 13:32, 31.5, 1.2, 345.8544, 0.3, 13
976.3, 69, 13.04.2023, 13:32, 31.5, 1.2, 345.8544, 0.3, 18.4
976.3, 114, 13.04.2023, 13:32, 31.5, 1.2, 345.8544, 0.3, 16.6
976.3, 36, 13.04.2023, 13:32, 31.5, 1.2, 345.8544, 0.3, 16.1
976.3, 71, 13.04.2023, 13:32, 31.5, 1.2, 345.8544, 0.3, 17.3
976.3, 37, 13.04.2023, 13:32, 31.5, 1.2, 349.9407, 0.3, 9.1
976.3, 74, 13.04.2023, 13:32, 31.5, 1.2, 349.9407, 0.3, 18.8
976.3, 38, 13.04.2023, 13:32, 31.4, 1.3, 349.9407, 1, 11.5
976.3, 78, 13.04.2023, 13:32, 31.4, 1.3, 157.1948, 1, 11.2
976.3, 39, 13.04.2023, 13:32, 31.4, 1.3, 349.9407, 1, 18.1
976.3, 102, 13.04.2023, 13:32, 31.4, 1.3, 155.4422, 1, 15.7
976.3, 40, 13.04.2023, 13:32, 31.4, 1.3, 347.1654, 1, 12.5
976.3, 104, 13.04.2023, 13:32, 31.4, 1.3, 155.3507, 1, 12.9
976.3, 41, 13.04.2023, 13:33, 30.6, 1.3, 347.1654, 0.9, 22.8
976.3, 105, 13.04.2023, 13:33, 30.6, 1.3, 156.2611, 0.9, 16.8
976.3, 50, 13.04.2023, 13:33, 30.6, 1.3, 356.6777, 0.9, 13.8
976.3, 107, 13.04.2023, 13:33, 30.6, 1.3, 347.1654, 0.9, 19.9
976.3, 51, 13.04.2023, 13:33, 30.6, 1.3, 346.9766, 0.9, 9.4
976.3, 109, 13.04.2023, 13:33, 30.6, 1.3, 156.0016, 0.9, 14.3
976.3, 118, 13.04.2023, 13:33, 30, 1.4, 156.9559, 0.6, 13
976.3, 52, 13.04.2023, 13:33, 30, 1.4, 346.9766, 0.6, 15.6
976.3, 119, 13.04.2023, 13:33, 30, 1.4, 158.0269, 0.6, 15
976.3, 76, 13.04.2023, 13:33, 30, 1.4, 155.5882, 0.6, 27.4
976.3, 121, 13.04.2023, 13:33, 30, 1.4, 157.4719, 0.6, 18.6
976.3, 124, 13.04.2023, 13:33, 29.6, 1.5, 156.2302, 1.2, 18.1
976.3, 88, 13.04.2023, 13:33, 29.6, 1.5, 156.2302, 1.2, 18.2
976.3, 125, 13.04.2023, 13:33, 29.6, 1.5, 157.4719, 1.2, 16.8
976.3, 94, 13.04.2023, 13:33, 29.6, 1.5, 155.5882, 1.2, 13.6
976.3, 95, 13.04.2023, 13:33, 29.6, 1.5, 155.0564, 1.2, 13.7
976.3, 96, 13.04.2023, 13:34, 29.3, 1.5, 155.0564, 1.1, 14.8
976.3, 97, 13.04.2023, 13:34, 29.3, 1.5, 155.5564, 1.1, 8.7
976.3, 98, 13.04.2023, 13:34, 29.3, 1.5, 155.4723, 1.1, 10
976.3, 54, 13.04.2023, 13:32, 31.5, 1.2, 355.2398, 0.3, 7.1
976.3, 116, 13.04.2023, 13:32, 31.4, 1.3, 155.4422, 1, 15.1
976.3, 55, 13.04.2023, 13:32, 31.4, 1.3, 349.9407, 1, 9.2
976.3, 56, 13.04.2023, 13:32, 31.4, 1.3, 341.7769, 1, 8.5
976.3, 117, 13.04.2023, 13:32, 31.4, 1.3, 156.1617, 1, 11.1
976.3, 57, 13.04.2023, 13:32, 31.4, 1.3, 347.1654, 1, 10.6
976.3, 123, 13.04.2023, 13:32, 31.4, 1.3, 155.3507, 1, 13.1
976.3, 58, 13.04.2023, 13:33, 30.6, 1.3, 342.3888, 0.9, 8.6
976.3, 64, 13.04.2023, 13:33, 30.6, 1.3, 347.1654, 0.9, 14.5
976.3, 17, 13.04.2023, 13:33, 30.6, 1.3, 155.3507, 0.9, 17.7
976.3, 18, 13.04.2023, 13:33, 30.6, 1.3, 156.0016, 0.9, 10.5
976.3, 19, 13.04.2023, 13:33, 30, 1.4, 346.9766, 0.6, 18.6
976.3, 54, 13.04.2023, 13:33, 30, 1.4, 352.8679, 0.6, 7.9
976.3, 55, 13.04.2023, 13:33, 29.6, 1.5, 348.0129, 1.2, 10
976.3, 56, 13.04.2023, 13:33, 29.6, 1.5, 349.2487, 1.2, 9.6
976.3, 1, 13.04.2023, 13:33, 29.6, 1.5, 342.4526, 1.2, 15.7
976.3, 57, 13.04.2023, 13:33, 29.6, 1.5, 342.4526, 1.2, 11.7
976.3, 4, 13.04.2023, 13:34, 29.6, 1.5, 331.6091, 1.2, 9.3
976.3, 58, 13.04.2023, 13:34, 29.3, 1.5, 331.6091, 1.1, 10.2
976.3, 6, 13.04.2023, 13:34, 29.3, 1.5, 350.6859, 1.1, 8.3
976.3, 64, 13.04.2023, 13:34, 29.3, 1.5, 342.4526, 1.1, 15.8
976.3, 9, 13.04.2023, 13:34, 29.3, 1.5, 337.3075, 1.1, 16.5
976.3, 72, 13.04.2023, 13:34, 29.3, 1.5, 337.3075, 1.1, 9.8
976.3, 11, 13.04.2023, 13:34, 29.3, 1.5, 337.3075, 1.1, 12.5
976.3, 113, 13.04.2023, 13:34, 29.2, 1.6, 337.3075, 1.2, 19.4
976.3, 12, 13.04.2023, 13:34, 29.2, 1.6, 319.6639, 1.2, 11.4
976.3, 14, 13.04.2023, 13:34, 29.2, 1.6, 341.0427, 1.2, 6.4
976.3, 114, 13.04.2023, 13:34, 29.2, 1.6, 337.3075, 1.2, 18.3
976.3, 54, 13.04.2023, 13:34, 29.2, 1.6, 341.8816, 1.2, 9.2
976.3, 55, 13.04.2023, 13:34, 29.1, 1.6, 342.2326, 0.9, 11
976.3, 56, 13.04.2023, 13:34, 29.1, 1.6, 326.0045, 0.9, 10.8
976.1, 57, 13.04.2023, 13:35, 29.2, 1.6, 344.443, 1, 13.3
976.1, 2, 13.04.2023, 13:35, 29.2, 1.6, 344.443, 1, 14.8
976.1, 58, 13.04.2023, 13:35, 29.2, 1.6, 326.0045, 1, 11.5
976.1, 3, 13.04.2023, 13:35, 29.2, 1.6, 339.8645, 1, 8.5
976.1, 64, 13.04.2023, 13:35, 29.2, 1.6, 339.8645, 1, 17.1
976.1, 5, 13.04.2023, 13:35, 29.2, 1.6, 318.5011, 1, 17.7
976.3, 72, 13.04.2023, 13:35, 30.3, 1.6, 339.8645, 1.2, 10.9
976.3, 7, 13.04.2023, 13:35, 30.3, 1.6, 339.6189, 1.2, 15.9
976.3, 113, 13.04.2023, 13:35, 30.3, 1.6, 339.8645, 1.2, 20.6
976.3, 8, 13.04.2023, 13:35, 30.3, 1.6, 342.0009, 1.2, 13
976.3, 114, 13.04.2023, 13:35, 30.3, 1.6, 340.48, 1.2, 19.6
976.3, 26, 13.04.2023, 13:35, 30.3, 1.6, 340.48, 1.2, 21.1
976.3, 27, 13.04.2023, 13:35, 30.4, 1.7, 340.48, 0.5, 19.6
976.3, 54, 13.04.2023, 13:35, 30.4, 1.7, 342.0009, 0.5, 10.2
976.3, 28, 13.04.2023, 13:35, 30.4, 1.7, 342.0662, 0.5, 20.2
976.3, 55, 13.04.2023, 13:35, 30.4, 1.7, 342.0662, 0.5, 11.9
976.3, 56, 13.04.2023, 13:36, 30.4, 1.7, 320.4896, 0.5, 12.1
976.3, 57, 13.04.2023, 13:36, 30.7, 1.8, 342.0662, 0.2, 14
976.3, 58, 13.04.2023, 13:36, 30.7, 1.8, 311.1554, 0.2, 12.7
976.3, 64, 13.04.2023, 13:36, 30.7, 1.8, 336.1068, 0.2, 18.1
976.3, 72, 13.04.2023, 13:36, 30.8, 1.9, 336.1068, 0.9, 11.8
976.3, 113, 13.04.2023, 13:36, 30.8, 1.9, 335.4232, 0.9, 21.6
976.3, 114, 13.04.2023, 13:36, 30.8, 1.9, 335.4232, 0.9, 20.6
976.3, 54, 13.04.2023, 13:36, 30.4, 2, 310.2728, 0.9, 10.9
976.3, 55, 13.04.2023, 13:36, 30.4, 2, 333.6304, 0.9, 12.4
976.3, 56, 13.04.2023, 13:37, 30.4, 2, 302.8074, 0.9, 12.3
976.3, 1, 13.04.2023, 13:37, 30.1, 1.9, 333.6304, 0.5, 16.1
976.3, 99, 13.04.2023, 13:34, 29.3, 1.5, 155.4723, 1.1, 12
976.3, 100, 13.04.2023, 13:34, 29.2, 1.6, 155.963, 1.2, 13.8
976.3, 101, 13.04.2023, 13:34, 29.2, 1.6, 155.963, 1.2, 16.2
976.3, 110, 13.04.2023, 13:34, 29.2, 1.6, 155.2999, 1.2, 15.6
976.3, 16, 13.04.2023, 13:34, 29.2, 1.6, 341.8816, 1.2, 15.2
976.3, 53, 13.04.2023, 13:34, 29.1, 1.6, 321.6413, 0.9, 9.5
976.3, 112, 13.04.2023, 13:34, 29.1, 1.6, 155.4043, 0.9, 15.6
976.3, 122, 13.04.2023, 13:34, 29.1, 1.6, 342.2326, 0.9, 27.5
976.3, 60, 13.04.2023, 13:34, 29.1, 1.6, 342.2326, 0.9, 21.8
976.3, 61, 13.04.2023, 13:34, 29.1, 1.6, 344.443, 0.9, 13
976.3, 126, 13.04.2023, 13:34, 29.1, 1.6, 344.443, 0.9, 12.3
976.1, 62, 13.04.2023, 13:35, 29.2, 1.6, 344.443, 1, 11
976.1, 63, 13.04.2023, 13:35, 29.2, 1.6, 344.443, 1, 16.1
976.1, 65, 13.04.2023, 13:35, 29.2, 1.6, 339.8645, 1, 21.2
976.3, 66, 13.04.2023, 13:35, 30.3, 1.6, 339.8645, 1.2, 23.8
976.3, 68, 13.04.2023, 13:35, 30.3, 1.6, 339.8645, 1.2, 23.4
976.3, 69, 13.04.2023, 13:35, 30.3, 1.6, 340.48, 1.2, 22.1
976.3, 71, 13.04.2023, 13:35, 30.4, 1.7, 340.48, 0.5, 24.1
976.3, 74, 13.04.2023, 13:35, 30.4, 1.7, 340.48, 0.5, 25.5
976.3, 78, 13.04.2023, 13:35, 30.4, 1.7, 155.8223, 0.5, 13.6
976.3, 102, 13.04.2023, 13:36, 30.7, 1.8, 154.7227, 0.2, 17.4
976.3, 104, 13.04.2023, 13:36, 30.7, 1.8, 154.5505, 0.2, 15.3
976.3, 105, 13.04.2023, 13:36, 30.7, 1.8, 155.8349, 0.2, 24
976.3, 107, 13.04.2023, 13:36, 30.8, 1.9, 336.1068, 0.9, 24.6
976.3, 109, 13.04.2023, 13:36, 30.8, 1.9, 153.3432, 0.9, 20.2
976.3, 118, 13.04.2023, 13:36, 30.8, 1.9, 155.0274, 0.9, 17.8
976.3, 119, 13.04.2023, 13:36, 30.8, 1.9, 155.7615, 0.9, 20.2
976.3, 121, 13.04.2023, 13:36, 30.4, 2, 155.7615, 0.9, 19
976.3, 124, 13.04.2023, 13:36, 30.4, 2, 155.0827, 0.9, 20.3
976.3, 125, 13.04.2023, 13:37, 30.4, 2, 156.1216, 0.9, 17.7
976.3, 57, 13.04.2023, 13:37, 30.1, 1.9, 333.6304, 0.5, 14.3
976.3, 4, 13.04.2023, 13:37, 30.1, 1.9, 303.8113, 0.5, 11.1
976.3, 58, 13.04.2023, 13:37, 30.1, 1.9, 303.8113, 0.5, 12.8
976.3, 6, 13.04.2023, 13:37, 30.1, 1.9, 309.1946, 0.5, 10.2
976.3, 64, 13.04.2023, 13:37, 30.1, 1.9, 331.5296, 0.5, 18
976.3, 9, 13.04.2023, 13:37, 30.2, 1.9, 331.5296, 1.3, 18.2
976.3, 72, 13.04.2023, 13:37, 30.2, 1.9, 331.5296, 1.3, 11.8
976.3, 11, 13.04.2023, 13:37, 30.2, 1.9, 333.7882, 1.3, 14.7
976.3, 113, 13.04.2023, 13:37, 30.2, 1.9, 333.7882, 1.3, 21.3
976.3, 12, 13.04.2023, 13:37, 30.2, 1.9, 305.8599, 1.3, 12.4
976.3, 114, 13.04.2023, 13:37, 30.2, 1.9, 333.7882, 1.3, 20.5
976.3, 14, 13.04.2023, 13:37, 30.2, 1.9, 309.3233, 1.3, 7
976.3, 17, 13.04.2023, 13:37, 30.2, 2, 154.4973, 1.3, 20.5
976.3, 54, 13.04.2023, 13:37, 30.2, 2, 311.5301, 1.3, 11.1
976.3, 16, 13.04.2023, 13:37, 30.2, 2, 311.5301, 1.3, 17.4
976.3, 18, 13.04.2023, 13:37, 30.2, 2, 154.377, 1.3, 16.1
976.3, 53, 13.04.2023, 13:38, 30.2, 2, 314.4776, 1.3, 10.7
976.3, 55, 13.04.2023, 13:38, 30.2, 2, 338.4603, 1.3, 12.5
976.3, 60, 13.04.2023, 13:38, 30.2, 2, 338.4603, 1.3, 23.7
976.3, 56, 13.04.2023, 13:38, 30.2, 2, 314.4776, 1.3, 12.7
976.3, 19, 13.04.2023, 13:38, 30.2, 2, 314.4776, 1.3, 22.1
976.3, 61, 13.04.2023, 13:38, 29.4, 2.1, 344.2276, 0.5, 14.6
976.3, 57, 13.04.2023, 13:38, 29.4, 2.1, 344.2276, 0.5, 14.4
976.3, 20, 13.04.2023, 13:38, 29.4, 2.1, 319.1014, 0.5, 5
976.3, 62, 13.04.2023, 13:38, 29.4, 2.1, 344.2276, 0.5, 13.5
976.3, 58, 13.04.2023, 13:38, 29.4, 2.1, 319.1014, 0.5, 13.4
976.3, 21, 13.04.2023, 13:38, 29.4, 2.1, 314.3874, 0.5, 21.1
976.3, 63, 13.04.2023, 13:38, 29.4, 2.1, 344.2276, 0.5, 18.1
976.3, 64, 13.04.2023, 13:38, 29.4, 2.1, 344.2276, 0.5, 18.5
976.1, 22, 13.04.2023, 13:38, 28.9, 2.1, 314.3874, 0.4, 18.2
976.1, 65, 13.04.2023, 13:38, 28.9, 2.1, 343.2898, 0.4, 23.5
976.1, 72, 13.04.2023, 13:38, 28.9, 2.1, 343.2898, 0.4, 12.3
976.1, 66, 13.04.2023, 13:38, 28.9, 2.1, 343.2898, 0.4, 24.9
976.1, 23, 13.04.2023, 13:38, 28.9, 2.1, 155.3813, 0.4, 11.1
976.1, 113, 13.04.2023, 13:38, 28.9, 2.1, 343.2898, 0.4, 22
976.1, 68, 13.04.2023, 13:38, 28.9, 2.1, 343.2898, 0.4, 23.8
976.1, 24, 13.04.2023, 13:38, 28.9, 2.1, 155.3813, 0.4, 19.9
976.1, 114, 13.04.2023, 13:38, 28.9, 2.1, 343.2898, 0.4, 21.1
976.3, 69, 13.04.2023, 13:38, 28.7, 2.2, 341.1481, 0.5, 23.2
976.3, 25, 13.04.2023, 13:38, 28.7, 2.2, 341.1481, 0.5, 14.9
976.3, 54, 13.04.2023, 13:38, 28.7, 2.2, 313.2406, 0.5, 11.5
976.3, 71, 13.04.2023, 13:39, 28.7, 2.2, 341.1481, 0.5, 26.2
976.3, 55, 13.04.2023, 13:39, 28.7, 2.2, 341.1481, 0.5, 13.1
976.3, 42, 13.04.2023, 13:39, 28.7, 2.2, 341.1481, 0.5, 17.9
976.3, 74, 13.04.2023, 13:39, 28.7, 2.2, 341.1481, 0.5, 28.3
976.1, 56, 13.04.2023, 13:39, 28.6, 2.3, 324.0187, 1.2, 13.2
976.1, 44, 13.04.2023, 13:39, 28.6, 2.3, 340.5195, 1.2, 22
976.1, 78, 13.04.2023, 13:39, 28.6, 2.3, 156.4938, 1.2, 14.6
976.1, 57, 13.04.2023, 13:39, 28.6, 2.3, 340.5195, 1.2, 14.7
976.1, 2, 13.04.2023, 13:39, 28.6, 2.3, 340.5195, 1.2, 15.6
976.1, 102, 13.04.2023, 13:39, 28.6, 2.3, 154.57, 1.2, 17.1
976.1, 45, 13.04.2023, 13:39, 28.6, 2.3, 340.5195, 1.2, 20.3
976.1, 58, 13.04.2023, 13:39, 28.6, 2.3, 329.5137, 1.2, 13.3
976.1, 3, 13.04.2023, 13:39, 28.6, 2.3, 340.5195, 1.2, 9.1
976.1, 104, 13.04.2023, 13:39, 28.6, 2.3, 154.57, 1.2, 16.5
976.1, 47, 13.04.2023, 13:39, 28.6, 2.3, 340.5195, 1.2, 17.4
976.1, 5, 13.04.2023, 13:39, 28.7, 2.3, 329.5137, 1.7, 18.5
976.1, 64, 13.04.2023, 13:39, 28.7, 2.3, 341.2523, 1.7, 18.4
976.3, 52, 13.04.2023, 13:37, 30.2, 1.9, 305.8599, 1.3, 16.7
976.3, 123, 13.04.2023, 13:37, 30.2, 1.9, 154.4973, 1.3, 16.6
976.3, 76, 13.04.2023, 13:37, 30.2, 1.9, 154.4973, 1.3, 22.9
976.3, 88, 13.04.2023, 13:37, 30.2, 2, 155.8183, 1.3, 22.4
976.3, 94, 13.04.2023, 13:38, 30.2, 2, 154.377, 1.3, 15.6
976.3, 95, 13.04.2023, 13:38, 30.2, 2, 154.377, 1.3, 16
976.3, 96, 13.04.2023, 13:38, 29.4, 2.1, 154.377, 0.5, 17.1
976.3, 97, 13.04.2023, 13:38, 29.4, 2.1, 154.9683, 0.5, 10.8
976.3, 98, 13.04.2023, 13:38, 29.4, 2.1, 154.9683, 0.5, 13.4
976.3, 99, 13.04.2023, 13:38, 29.4, 2.1, 154.9683, 0.5, 12.9
976.1, 100, 13.04.2023, 13:38, 28.9, 2.1, 155.3813, 0.4, 16.2
976.1, 101, 13.04.2023, 13:38, 28.9, 2.1, 155.3813, 0.4, 16.6
976.1, 110, 13.04.2023, 13:38, 28.9, 2.1, 155.3813, 0.4, 16.9
976.3, 112, 13.04.2023, 13:38, 28.7, 2.2, 155.3619, 0.5, 17.3
976.3, 122, 13.04.2023, 13:39, 28.7, 2.2, 341.1481, 0.5, 25.8
976.3, 126, 13.04.2023, 13:39, 28.7, 2.2, 341.1481, 0.5, 14.2
976.1, 102, 13.04.2023, 13:49, 31.5, 1.1, 154.9487, 2.4, 14
976.1, 104, 13.04.2023, 13:49, 32, 1.2, 155.3148, 3.2, 12.2
976.1, 105, 13.04.2023, 13:49, 32, 1.2, 156.0271, 3.2, 11.8
976.1, 107, 13.04.2023, 13:49, 32, 1.2, 357.7035, 3.2, 15.7
976.1, 109, 13.04.2023, 13:49, 32.3, 1.2, 154.7208, 3.3, 10.9
976.1, 118, 13.04.2023, 13:49, 32.3, 1.2, 155.7701, 3.3, 11
976.1, 119, 13.04.2023, 13:49, 32.3, 1.2, 155.9614, 3.3, 11.1
976.1, 121, 13.04.2023, 13:49, 33.3, 1.2, 156.0945, 1.1, 14.9
976.1, 124, 13.04.2023, 13:49, 33.3, 1.2, 156.1287, 1.1, 13.8
976.1, 125, 13.04.2023, 13:50, 33.3, 1.2, 156.0945, 1.1, 14
976.1, 64, 13.04.2023, 13:51, 33.7, 1.4, 374.7937, 2.5, 14.1
976.1, 72, 13.04.2023, 13:51, 33.7, 1.4, 374.7937, 2.5, 7.9
976.1, 113, 13.04.2023, 13:51, 34.6, 1.4, 374.4189, 2.2, 17.2
976.1, 114, 13.04.2023, 13:51, 34.6, 1.4, 374.4189, 2.2, 17.4
976.1, 78, 13.04.2023, 13:52, 35.1, 1.4, 157.9633, 2.2, 11.1
976.1, 19, 13.04.2023, 13:52, 35.1, 1.4, 360.9342, 2.2, 17.2
976.1, 26, 13.04.2023, 13:52, 34.8, 1.5, 377.0125, 2.5, 16.7
976.1, 58, 13.04.2023, 13:52, 34.8, 1.5, 360.9342, 2.5, 9.9
976.1, 102, 13.04.2023, 13:52, 34.8, 1.5, 155.6496, 2.5, 15.9
976.1, 20, 13.04.2023, 13:52, 34.8, 1.5, 360.9342, 2.5, 2.9
976.1, 27, 13.04.2023, 13:52, 34.8, 1.5, 377.0125, 2.5, 15.9
976.1, 64, 13.04.2023, 13:52, 34.8, 1.5, 377.0125, 2.5, 15.3
976.1, 104, 13.04.2023, 13:52, 34.8, 1.5, 155.6496, 2.5, 13.6
976.1, 28, 13.04.2023, 13:52, 34.8, 1.5, 377.0125, 2.5, 15.8
976.1, 105, 13.04.2023, 13:39, 28.7, 2.3, 155.0518, 1.7, 23
976.1, 7, 13.04.2023, 13:39, 28.7, 2.3, 319.9629, 1.7, 17
976.1, 48, 13.04.2023, 13:39, 28.7, 2.3, 341.2523, 1.7, 16
976.1, 72, 13.04.2023, 13:39, 28.7, 2.3, 341.2523, 1.7, 12.3
976.1, 107, 13.04.2023, 13:39, 28.7, 2.3, 341.2523, 1.7, 23.2
976.1, 8, 13.04.2023, 13:39, 28.7, 2.3, 319.9629, 1.7, 13.4
976.1, 59, 13.04.2023, 13:39, 28.7, 2.3, 341.2523, 1.7, 18.7
976.1, 113, 13.04.2023, 13:39, 28.7, 2.3, 341.2523, 1.7, 21.8
976.1, 109, 13.04.2023, 13:39, 28.7, 2.3, 153.3845, 1.7, 18.1
976.1, 26, 13.04.2023, 13:39, 28.7, 2.3, 341.2523, 1.7, 21.1
976.1, 114, 13.04.2023, 13:39, 29.3, 2.2, 343.2266, 1.1, 20.7
976.1, 118, 13.04.2023, 13:39, 29.3, 2.2, 155.4109, 1.1, 15.4
976.1, 75, 13.04.2023, 13:39, 29.3, 2.2, 154.1413, 1.1, 12.6
976.1, 27, 13.04.2023, 13:39, 29.3, 2.2, 343.2266, 1.1, 19.5
976.1, 119, 13.04.2023, 13:40, 29.3, 2.2, 156.0463, 1.1, 16.3
976.1, 54, 13.04.2023, 13:40, 29.3, 2.2, 326.4443, 1.1, 10.9
976.1, 77, 13.04.2023, 13:40, 29.3, 2.2, 156.0463, 1.1, 13.1
976.1, 28, 13.04.2023, 13:40, 29.3, 2.2, 343.2266, 1.1, 19.5
976.1, 121, 13.04.2023, 13:40, 29.3, 2.2, 156.0463, 1.1, 15.5
976.1, 55, 13.04.2023, 13:40, 29.3, 2.2, 343.2266, 1.1, 12.1
976.1, 29, 13.04.2023, 13:40, 29.3, 2.2, 343.2266, 1.1, 20.1
976.1, 124, 13.04.2023, 13:40, 29.3, 2.2, 155.4109, 1.1, 17.7
976.1, 79, 13.04.2023, 13:40, 29.3, 2.2, 154.1413, 1.1, 14.5
976.3, 56, 13.04.2023, 13:40, 30.1, 2, 343.2174, 1.3, 12.1
976.3, 125, 13.04.2023, 13:40, 30.1, 2, 156.618, 1.3, 16.8
976.3, 30, 13.04.2023, 13:40, 30.1, 2, 341.574, 1.3, 16
976.3, 80, 13.04.2023, 13:40, 30.1, 2, 155.8985, 1.3, 18.4
976.3, 31, 13.04.2023, 13:40, 30.1, 2, 341.574, 1.3, 15.6
976.3, 57, 13.04.2023, 13:40, 30.1, 2, 341.574, 1.3, 13.5
976.3, 1, 13.04.2023, 13:40, 30.1, 2, 341.574, 1.3, 15.4
976.3, 81, 13.04.2023, 13:40, 30.1, 2, 155.8985, 1.3, 15.3
976.3, 58, 13.04.2023, 13:40, 30.1, 2, 343.2174, 1.3, 12.2
976.3, 33, 13.04.2023, 13:40, 30.1, 2, 341.574, 1.3, 19.7
976.3, 4, 13.04.2023, 13:40, 30.1, 2, 343.2174, 1.3, 10.8
976.1, 82, 13.04.2023, 13:40, 30.5, 1.7, 155.9891, 1.4, 11.6
976.1, 34, 13.04.2023, 13:40, 30.5, 1.7, 343.3663, 1.4, 21.4
976.1, 6, 13.04.2023, 13:40, 30.5, 1.7, 332.4153, 1.4, 8
976.1, 64, 13.04.2023, 13:40, 30.5, 1.7, 343.3663, 1.4, 17.2
976.1, 35, 13.04.2023, 13:40, 30.5, 1.7, 343.3663, 1.4, 15.6
976.1, 83, 13.04.2023, 13:40, 30.5, 1.7, 155.9891, 1.4, 17.9
976.1, 9, 13.04.2023, 13:40, 30.5, 1.7, 343.3663, 1.4, 17.1
976.1, 72, 13.04.2023, 13:40, 30.5, 1.7, 343.3663, 1.4, 11.6
976.1, 36, 13.04.2023, 13:40, 30.5, 1.7, 343.3663, 1.4, 20.2
976.1, 11, 13.04.2023, 13:40, 30.5, 1.7, 343.3663, 1.4, 14.6
976.1, 84, 13.04.2023, 13:40, 30.5, 1.7, 155.9891, 1.4, 13.6
976.1, 113, 13.04.2023, 13:40, 30.5, 1.7, 353.3668, 1.4, 20.7
976.1, 37, 13.04.2023, 13:40, 31.4, 1.7, 353.3668, 2.4, 10.4
976.1, 12, 13.04.2023, 13:40, 31.4, 1.7, 348.3208, 2.4, 11.8
976.1, 114, 13.04.2023, 13:40, 31.4, 1.7, 353.3668, 2.4, 20.3
976.1, 85, 13.04.2023, 13:41, 31.4, 1.7, 154.4056, 2.4, 19.3
976.1, 38, 13.04.2023, 13:41, 31.4, 1.7, 353.3668, 2.4, 12.5
976.1, 14, 13.04.2023, 13:41, 31.4, 1.7, 345.6178, 2.4, 7
976.1, 54, 13.04.2023, 13:41, 31.4, 1.7, 345.6178, 2.4, 10.6
976.1, 87, 13.04.2023, 13:41, 31.4, 1.7, 154.4056, 2.4, 18.5
976.1, 16, 13.04.2023, 13:41, 31.4, 1.7, 345.6178, 2.4, 16
976.1, 39, 13.04.2023, 13:41, 31.4, 1.7, 353.3668, 2.4, 18.2
976.1, 55, 13.04.2023, 13:41, 31.4, 1.7, 366.5319, 2.4, 11.8
976.3, 53, 13.04.2023, 13:41, 32.7, 1.7, 361.0735, 1.8, 10.4
976.3, 90, 13.04.2023, 13:41, 32.7, 1.7, 156.1477, 1.8, 17.4
976.3, 40, 13.04.2023, 13:41, 32.7, 1.7, 366.5319, 1.8, 14.9
976.3, 56, 13.04.2023, 13:41, 32.7, 1.7, 361.0735, 1.8, 11.7
976.3, 60, 13.04.2023, 13:41, 32.7, 1.7, 366.5319, 1.8, 19.4
976.3, 41, 13.04.2023, 13:41, 32.7, 1.7, 366.5319, 1.8, 23.9
976.3, 91, 13.04.2023, 13:41, 32.7, 1.7, 156.6755, 1.8, 19.8
976.3, 61, 13.04.2023, 13:41, 32.7, 1.7, 366.5319, 1.8, 13.1
976.3, 57, 13.04.2023, 13:41, 32.7, 1.7, 366.5319, 1.8, 13.1
976.3, 93, 13.04.2023, 13:41, 32.7, 1.7, 156.6755, 1.8, 14
976.3, 50, 13.04.2023, 13:41, 32.7, 1.7, 349.5497, 1.8, 13.4
976.3, 62, 13.04.2023, 13:41, 32.7, 1.7, 364.3983, 1.8, 10.8
976.1, 58, 13.04.2023, 13:41, 33.2, 1.6, 360.6986, 1.3, 11.9
976.1, 108, 13.04.2023, 13:41, 33.2, 1.6, 157.1381, 1.3, 21.9
976.1, 51, 13.04.2023, 13:41, 33.2, 1.6, 360.6986, 1.3, 10.6
976.1, 63, 13.04.2023, 13:41, 33.2, 1.6, 364.3983, 1.3, 16.9
976.1, 64, 13.04.2023, 13:41, 33.2, 1.6, 364.3983, 1.3, 16.6
976.1, 52, 13.04.2023, 13:41, 33.2, 1.6, 360.6986, 1.3, 14.6
976.1, 65, 13.04.2023, 13:41, 33.2, 1.6, 364.3983, 1.3, 18.6
976.1, 111, 13.04.2023, 13:41, 33.2, 1.6, 156.0151, 1.3, 16.6
976.1, 72, 13.04.2023, 13:41, 33.2, 1.6, 364.3983, 1.3, 10.6
976.1, 66, 13.04.2023, 13:41, 33.2, 1.6, 362.7727, 1.3, 19.2
976.1, 76, 13.04.2023, 13:41, 33.2, 1.6, 154.1159, 1.3, 15.6
976.3, 113, 13.04.2023, 13:41, 33.3, 1.4, 362.7727, 1.5, 19.5
976.3, 115, 13.04.2023, 13:41, 33.3, 1.4, 154.1159, 1.5, 14.9
976.3, 68, 13.04.2023, 13:42, 33.3, 1.4, 362.7727, 1.5, 16.1
976.3, 88, 13.04.2023, 13:42, 33.3, 1.4, 155.7562, 1.5, 16.4
976.3, 114, 13.04.2023, 13:42, 33.3, 1.4, 362.7727, 1.5, 19.2
976.3, 116, 13.04.2023, 13:42, 33.3, 1.4, 154.1159, 1.5, 16.1
976.3, 69, 13.04.2023, 13:42, 33.3, 1.4, 362.7727, 1.5, 18.5
976.3, 94, 13.04.2023, 13:42, 33.3, 1.4, 154.1159, 1.5, 12
976.3, 54, 13.04.2023, 13:42, 33.3, 1.4, 327.4049, 1.5, 9.1
976.3, 117, 13.04.2023, 13:42, 33.3, 1.4, 156.1095, 1.5, 9.1
976.3, 71, 13.04.2023, 13:42, 33.3, 1.4, 360.6881, 1.5, 20
976.3, 95, 13.04.2023, 13:42, 33.3, 1.4, 155.0175, 1.5, 12.7
976.3, 55, 13.04.2023, 13:42, 35, 1.3, 360.6881, 0.9, 10.5
976.3, 96, 13.04.2023, 13:42, 35, 1.3, 155.0175, 0.9, 15.3
976.3, 74, 13.04.2023, 13:42, 35, 1.3, 360.6881, 0.9, 20.8
976.3, 123, 13.04.2023, 13:42, 35, 1.3, 155.0175, 0.9, 14.4
976.3, 56, 13.04.2023, 13:42, 35, 1.3, 346.3847, 0.9, 10.4
976.3, 97, 13.04.2023, 13:42, 35, 1.3, 156.1095, 0.9, 7.4
976.3, 78, 13.04.2023, 13:42, 35, 1.3, 158.0699, 0.9, 11.3
976.3, 98, 13.04.2023, 13:42, 35, 1.3, 156.639, 0.9, 9.7
976.3, 57, 13.04.2023, 13:42, 35, 1.3, 346.9729, 0.9, 11.6
976.3, 17, 13.04.2023, 13:42, 35, 1.3, 155.7642, 0.9, 15.2
976.3, 102, 13.04.2023, 13:42, 35, 1.3, 155.7642, 0.9, 15.2
976.3, 99, 13.04.2023, 13:42, 34.9, 1.2, 156.639, 0.4, 11.5
976.3, 58, 13.04.2023, 13:42, 34.9, 1.2, 334.3409, 0.4, 10.5
976.3, 18, 13.04.2023, 13:42, 34.9, 1.2, 155.7642, 0.4, 14
976.3, 104, 13.04.2023, 13:42, 34.9, 1.2, 155.7642, 0.4, 15.3
976.3, 100, 13.04.2023, 13:42, 34.9, 1.2, 158.9985, 0.4, 14.6
976.3, 64, 13.04.2023, 13:42, 34.9, 1.2, 346.9729, 0.4, 15
976.3, 105, 13.04.2023, 13:42, 34.9, 1.2, 156.639, 0.4, 16.2
976.3, 101, 13.04.2023, 13:42, 34.9, 1.2, 158.9985, 0.4, 14.5
976.3, 19, 13.04.2023, 13:42, 34.9, 1.2, 334.3409, 0.4, 15.5
976.3, 72, 13.04.2023, 13:42, 34.9, 1.2, 343.5618, 0.4, 9.3
976.3, 107, 13.04.2023, 13:42, 34.9, 1.2, 343.5618, 0.4, 15.8
976.3, 110, 13.04.2023, 13:42, 34.9, 1.2, 158.229, 0.4, 13.7
976.3, 20, 13.04.2023, 13:42, 34.8, 1.2, 331.4534, 0.2, 4.6
976.3, 113, 13.04.2023, 13:43, 34.8, 1.2, 343.5618, 0.2, 18.1
976.3, 112, 13.04.2023, 13:43, 34.8, 1.2, 156.3306, 0.2, 13.7
976.3, 109, 13.04.2023, 13:43, 34.8, 1.2, 155.3689, 0.2, 12.3
976.3, 21, 13.04.2023, 13:43, 34.8, 1.2, 314.1965, 0.2, 13.6
976.3, 114, 13.04.2023, 13:43, 34.8, 1.2, 343.5618, 0.2, 18.1
976.3, 118, 13.04.2023, 13:43, 34.8, 1.2, 156.3306, 0.2, 11.3
976.3, 122, 13.04.2023, 13:43, 34.8, 1.2, 343.5618, 0.2, 20.3
976.3, 22, 13.04.2023, 13:43, 34.8, 1.2, 308.3595, 0.2, 13.2
976.3, 119, 13.04.2023, 13:43, 34.8, 1.2, 158.8217, 0.2, 11.5
976.3, 54, 13.04.2023, 13:43, 34.8, 1.2, 308.3595, 0.2, 7.9
976.3, 126, 13.04.2023, 13:43, 35.6, 1.3, 334.9182, 0.3, 12.1
976.3, 121, 13.04.2023, 13:43, 35.6, 1.3, 158.8217, 0.3, 12.6
976.3, 23, 13.04.2023, 13:43, 35.6, 1.3, 158.8217, 0.3, 7.6
976.3, 55, 13.04.2023, 13:43, 35.6, 1.3, 334.9182, 0.3, 9.4
976.3, 124, 13.04.2023, 13:43, 35.6, 1.3, 156.1218, 0.3, 13.9
976.3, 2, 13.04.2023, 13:43, 35.6, 1.3, 334.9182, 0.3, 12
976.3, 24, 13.04.2023, 13:43, 35.6, 1.3, 158.8217, 0.3, 12.6
976.3, 56, 13.04.2023, 13:43, 35.6, 1.3, 331.8533, 0.3, 9
976.3, 125, 13.04.2023, 13:43, 35.6, 1.3, 157.6645, 0.3, 14.7
976.3, 3, 13.04.2023, 13:43, 35.6, 1.3, 333.8187, 0.3, 10.6
976.3, 57, 13.04.2023, 13:43, 35.6, 1.3, 333.8187, 0.3, 10
976.3, 25, 13.04.2023, 13:43, 36.5, 1.3, 333.8187, 0.7, 4.6
976.3, 5, 13.04.2023, 13:43, 36.5, 1.3, 331.8533, 0.7, 15.4
976.3, 1, 13.04.2023, 13:43, 36.5, 1.3, 333.8187, 0.7, 12.8
976.3, 58, 13.04.2023, 13:43, 36.5, 1.3, 331.8533, 0.7, 9.2
976.3, 7, 13.04.2023, 13:43, 36.5, 1.3, 315.8542, 0.7, 12.4
976.3, 4, 13.04.2023, 13:43, 36.5, 1.3, 331.8533, 0.7, 8.7
976.3, 42, 13.04.2023, 13:43, 36.5, 1.3, 333.8187, 0.7, 10.5
976.3, 8, 13.04.2023, 13:43, 36.5, 1.3, 315.5366, 0.7, 11.2
976.3, 6, 13.04.2023, 13:43, 36.5, 1.3, 315.5366, 0.7, 5.3
976.3, 64, 13.04.2023, 13:43, 36.5, 1.3, 322.3955, 0.7, 13.5
976.3, 44, 13.04.2023, 13:43, 36.5, 1.3, 322.3955, 0.7, 11.8
976.3, 26, 13.04.2023, 13:43, 36.5, 1.3, 322.3955, 0.7, 16.1
976.3, 9, 13.04.2023, 13:44, 36.5, 1.3, 322.3955, 0.7, 12.4
976.3, 72, 13.04.2023, 13:44, 35.3, 1.3, 322.3955, 0.6, 9
976.3, 45, 13.04.2023, 13:44, 35.3, 1.3, 322.3955, 0.6, 11.6
976.3, 27, 13.04.2023, 13:44, 35.3, 1.3, 322.3955, 0.6, 15.8
976.3, 11, 13.04.2023, 13:44, 35.3, 1.3, 322.3955, 0.6, 12.5
976.3, 113, 13.04.2023, 13:44, 35.3, 1.3, 322.3955, 0.6, 16.5
976.3, 28, 13.04.2023, 13:44, 35.3, 1.3, 316.6155, 0.6, 13.9
976.3, 47, 13.04.2023, 13:44, 35.3, 1.3, 316.6155, 0.6, 13
976.3, 12, 13.04.2023, 13:44, 35.3, 1.3, 322.175, 0.6, 8.1
976.3, 114, 13.04.2023, 13:44, 35.3, 1.3, 316.6155, 0.6, 16.8
976.3, 14, 13.04.2023, 13:44, 35.3, 1.3, 310.5845, 0.6, 4.2
976.3, 29, 13.04.2023, 13:44, 35.3, 1.3, 316.6155, 0.6, 15.2
976.3, 48, 13.04.2023, 13:44, 35.3, 1.3, 316.6155, 0.6, 10.1
976.1, 54, 13.04.2023, 13:44, 34.4, 1.4, 310.5845, 1.3, 6.6
976.1, 16, 13.04.2023, 13:44, 34.4, 1.4, 310.5845, 1.3, 10.2
976.1, 30, 13.04.2023, 13:44, 34.4, 1.4, 316.6155, 1.3, 11.3
976.1, 59, 13.04.2023, 13:44, 34.4, 1.4, 316.6155, 1.3, 11.7
976.1, 55, 13.04.2023, 13:44, 34.4, 1.4, 316.6155, 1.3, 8.7
976.1, 53, 13.04.2023, 13:44, 34.4, 1.4, 322.175, 1.3, 8.5
976.1, 31, 13.04.2023, 13:44, 34.4, 1.4, 318.0336, 1.3, 12.1
976.1, 56, 13.04.2023, 13:44, 34.4, 1.4, 326.694, 1.3, 8.2
976.1, 75, 13.04.2023, 13:44, 34.4, 1.4, 155.0265, 1.3, 9.6
976.1, 60, 13.04.2023, 13:44, 34.4, 1.4, 318.0336, 1.3, 9.8
976.1, 33, 13.04.2023, 13:44, 34.4, 1.4, 318.0336, 1.3, 12.8
976.1, 57, 13.04.2023, 13:44, 34.5, 1.4, 318.0336, 1, 8.5
976.1, 61, 13.04.2023, 13:44, 34.5, 1.4, 318.0336, 1, 9.3
976.1, 77, 13.04.2023, 13:44, 34.5, 1.4, 157.7257, 1, 8.4
976.1, 34, 13.04.2023, 13:44, 34.5, 1.4, 318.0336, 1, 11.9
976.1, 62, 13.04.2023, 13:44, 34.5, 1.4, 318.0336, 1, 5.5
976.1, 58, 13.04.2023, 13:44, 34.5, 1.4, 326.694, 1, 7.8
976.1, 35, 13.04.2023, 13:44, 34.5, 1.4, 315.3428, 1, 10
976.1, 79, 13.04.2023, 13:44, 34.5, 1.4, 154.8049, 1, 9.6
976.1, 63, 13.04.2023, 13:44, 34.5, 1.4, 315.3428, 1, 13.7
976.1, 36, 13.04.2023, 13:44, 34.5, 1.4, 315.3428, 1, 9.8
976.1, 64, 13.04.2023, 13:44, 34.5, 1.4, 315.3428, 1, 12
976.3, 80, 13.04.2023, 13:45, 33.4, 1.4, 155.1117, 1, 11
976.3, 65, 13.04.2023, 13:45, 33.4, 1.4, 315.3428, 1, 14.8
976.3, 37, 13.04.2023, 13:45, 33.4, 1.4, 315.3428, 1, 7.1
976.3, 72, 13.04.2023, 13:45, 33.4, 1.4, 315.3428, 1, 9
976.3, 81, 13.04.2023, 13:45, 33.4, 1.4, 155.1117, 1, 8.9
976.3, 66, 13.04.2023, 13:45, 33.4, 1.4, 315.3428, 1, 16.6
976.3, 38, 13.04.2023, 13:45, 33.4, 1.4, 315.3428, 1, 9.9
976.3, 113, 13.04.2023, 13:45, 33.4, 1.4, 315.3428, 1, 15
976.3, 68, 13.04.2023, 13:45, 33.4, 1.4, 315.7499, 1, 9.5
976.3, 39, 13.04.2023, 13:45, 33.4, 1.4, 315.7499, 1, 14.6
976.3, 114, 13.04.2023, 13:45, 33.4, 1.4, 315.7499, 1, 15.6
976.3, 82, 13.04.2023, 13:45, 33.4, 1.4, 157.5262, 1, 8.2
976.3, 40, 13.04.2023, 13:45, 32.8, 1.4, 315.7499, 1.7, 10.9
976.3, 69, 13.04.2023, 13:45, 32.8, 1.4, 315.7499, 1.7, 16.4
976.3, 54, 13.04.2023, 13:45, 32.8, 1.4, 309.3365, 1.7, 5.8
976.3, 83, 13.04.2023, 13:45, 32.8, 1.4, 157.5262, 1.7, 9.5
976.3, 71, 13.04.2023, 13:45, 32.8, 1.4, 315.7499, 1.7, 15.5
976.3, 41, 13.04.2023, 13:45, 32.8, 1.4, 315.7499, 1.7, 11.7
976.3, 55, 13.04.2023, 13:45, 32.8, 1.4, 317.1093, 1.7, 8.1
976.3, 84, 13.04.2023, 13:45, 32.8, 1.4, 156.5295, 1.7, 6.7
976.3, 74, 13.04.2023, 13:45, 32.8, 1.4, 317.1093, 1.7, 16.3
976.3, 50, 13.04.2023, 13:45, 32.8, 1.4, 305.7252, 1.7, 10.2
976.3, 56, 13.04.2023, 13:45, 32.8, 1.4, 315.0426, 1.7, 7.5
976.3, 85, 13.04.2023, 13:45, 32.8, 1.4, 153.9211, 1.7, 10.8
976.3, 78, 13.04.2023, 13:45, 32.2, 1.5, 156.5295, 1.7, 9.1
976.3, 57, 13.04.2023, 13:45, 32.2, 1.5, 317.1093, 1.7, 7.6
976.3, 51, 13.04.2023, 13:45, 32.2, 1.5, 315.0426, 1.7, 10.9
976.3, 102, 13.04.2023, 13:45, 32.2, 1.5, 153.4698, 1.7, 13.7
976.3, 58, 13.04.2023, 13:45, 32.2, 1.5, 315.4027, 1.7, 7
976.3, 52, 13.04.2023, 13:45, 32.2, 1.5, 315.4027, 1.7, 11.4
976.3, 90, 13.04.2023, 13:45, 32.2, 1.5, 154.6835, 1.7, 13.4
976.3, 104, 13.04.2023, 13:45, 32.2, 1.5, 153.4698, 1.7, 13
976.3, 64, 13.04.2023, 13:46, 32.2, 1.5, 323.9298, 1.7, 11.3
976.3, 76, 13.04.2023, 13:46, 32.2, 1.5, 153.4698, 1.7, 8.4
976.3, 105, 13.04.2023, 13:46, 31, 1.4, 154.6835, 1.4, 10.2
976.3, 91, 13.04.2023, 13:46, 31, 1.4, 156.5174, 1.4, 9.2
976.3, 72, 13.04.2023, 13:46, 31, 1.4, 323.9298, 1.4, 8.3
976.3, 88, 13.04.2023, 13:46, 31, 1.4, 154.6835, 1.4, 8.8
976.3, 107, 13.04.2023, 13:46, 31, 1.4, 333.4784, 1.4, 12.1
976.3, 93, 13.04.2023, 13:46, 31, 1.4, 157.0375, 1.4, 7.5
976.3, 113, 13.04.2023, 13:46, 31, 1.4, 333.4784, 1.4, 14.2
976.3, 94, 13.04.2023, 13:46, 31, 1.4, 154.2615, 1.4, 8.6
976.3, 109, 13.04.2023, 13:46, 31, 1.4, 154.2615, 1.4, 8.7
976.3, 114, 13.04.2023, 13:46, 31, 1.4, 333.4784, 1.4, 14.5
976.3, 108, 13.04.2023, 13:46, 31, 1.4, 157.0375, 1.4, 15.7
976.3, 95, 13.04.2023, 13:46, 31, 1.4, 154.2615, 1.4, 8.7
976.3, 118, 13.04.2023, 13:46, 31.4, 1.3, 154.9127, 1.4, 8.6
976.3, 54, 13.04.2023, 13:46, 31.4, 1.3, 309.3919, 1.4, 5.2
976.3, 96, 13.04.2023, 13:46, 31.4, 1.3, 154.2615, 1.4, 12.5
976.3, 119, 13.04.2023, 13:46, 31.4, 1.3, 156.9026, 1.4, 8.8
976.3, 111, 13.04.2023, 13:46, 31.4, 1.3, 155.2065, 1.4, 8
976.3, 97, 13.04.2023, 13:46, 31.4, 1.3, 155.2065, 1.4, 5.1
976.3, 55, 13.04.2023, 13:46, 31.4, 1.3, 327.2998, 1.4, 7.5
976.3, 121, 13.04.2023, 13:46, 31.4, 1.3, 156.9026, 1.4, 9.5
976.3, 115, 13.04.2023, 13:46, 31.4, 1.3, 154.8441, 1.4, 7.1
976.3, 98, 13.04.2023, 13:46, 31.4, 1.3, 155.2065, 1.4, 6.2
976.3, 56, 13.04.2023, 13:46, 31.4, 1.3, 324.2503, 1.4, 6.8
976.3, 124, 13.04.2023, 13:46, 31.4, 1.3, 155.2065, 1.4, 11.7
976.3, 99, 13.04.2023, 13:46, 31.1, 1.3, 155.2065, 2.9, 9
976.3, 116, 13.04.2023, 13:46, 31.1, 1.3, 154.8441, 2.9, 10.6
976.3, 125, 13.04.2023, 13:46, 31.1, 1.3, 156.9026, 2.9, 12.7
976.3, 57, 13.04.2023, 13:46, 31.1, 1.3, 327.2998, 2.9, 6.7
976.3, 100, 13.04.2023, 13:46, 31.1, 1.3, 156.8311, 2.9, 11.8
976.3, 1, 13.04.2023, 13:46, 31.1, 1.3, 333.0314, 2.9, 10.3
976.3, 58, 13.04.2023, 13:46, 31.1, 1.3, 328.1385, 2.9, 5.9
976.3, 117, 13.04.2023, 13:46, 31.1, 1.3, 155.1468, 2.9, 6.2
976.3, 101, 13.04.2023, 13:47, 31.1, 1.3, 156.8311, 2.9, 11.9
976.3, 4, 13.04.2023, 13:47, 31.1, 1.3, 328.1385, 2.9, 6.5
976.3, 110, 13.04.2023, 13:47, 31.1, 1.3, 156.8311, 2.9, 11.3
976.3, 64, 13.04.2023, 13:47, 31.1, 1.3, 333.0314, 2.9, 10.3
976.1, 6, 13.04.2023, 13:47, 30.9, 1.2, 318.2115, 1.9, 3.6
976.1, 72, 13.04.2023, 13:47, 30.9, 1.2, 339.7623, 1.9, 7.7
976.1, 112, 13.04.2023, 13:47, 30.9, 1.2, 156.2955, 1.9, 10.2
976.1, 9, 13.04.2023, 13:47, 30.9, 1.2, 339.7623, 1.9, 9.5
976.1, 113, 13.04.2023, 13:47, 30.9, 1.2, 339.7623, 1.9, 13.1
976.1, 17, 13.04.2023, 13:47, 30.9, 1.2, 155.5033, 1.9, 10.6
976.1, 122, 13.04.2023, 13:47, 30.9, 1.2, 339.7623, 1.9, 17.1
976.1, 11, 13.04.2023, 13:47, 30.9, 1.2, 339.7623, 1.9, 10.2
976.1, 114, 13.04.2023, 13:47, 30.9, 1.2, 339.7623, 1.9, 13.3
976.1, 18, 13.04.2023, 13:47, 30.9, 1.2, 155.5033, 1.9, 9.1
976.1, 12, 13.04.2023, 13:47, 30.9, 1.2, 337.7228, 2.4, 6
976.1, 126, 13.04.2023, 13:47, 30.9, 1.2, 339.7623, 2.4, 10.5
976.1, 14, 13.04.2023, 13:47, 30.9, 1.2, 321.3333, 2.4, 2.8
976.1, 54, 13.04.2023, 13:47, 30.9, 1.2, 321.3333, 2.4, 4.2
976.1, 19, 13.04.2023, 13:47, 30.9, 1.2, 331.6298, 2.4, 11.4
976.1, 2, 13.04.2023, 13:47, 30.9, 1.2, 338.5002, 2.4, 9.8
976.1, 16, 13.04.2023, 13:47, 30.9, 1.2, 321.3333, 2.4, 8.1
976.1, 55, 13.04.2023, 13:47, 30.9, 1.2, 338.5002, 2.4, 6.5
976.1, 20, 13.04.2023, 13:47, 30.9, 1.2, 331.6298, 2.4, 2.8
976.1, 3, 13.04.2023, 13:47, 30.9, 1.2, 338.5002, 2.4, 8
976.1, 53, 13.04.2023, 13:47, 30.9, 1.2, 331.6298, 2.4, 7.6
976.1, 56, 13.04.2023, 13:47, 31.1, 1.1, 331.6298, 3.3, 6
976.1, 5, 13.04.2023, 13:47, 31.1, 1.1, 331.6298, 3.3, 11.5
976.1, 21, 13.04.2023, 13:47, 31.1, 1.1, 321.3333, 3.3, 11
976.1, 60, 13.04.2023, 13:47, 31.1, 1.1, 339.1702, 3.3, 8.1
976.1, 7, 13.04.2023, 13:47, 31.1, 1.1, 315.0137, 3.3, 5.8
976.1, 57, 13.04.2023, 13:47, 31.1, 1.1, 339.1702, 3.3, 5.7
976.1, 61, 13.04.2023, 13:47, 31.1, 1.1, 339.1702, 3.3, 8.8
976.1, 22, 13.04.2023, 13:47, 31.1, 1.1, 315.0137, 3.3, 8.2
976.1, 8, 13.04.2023, 13:48, 31.1, 1.1, 315.0137, 3.3, 9.6
976.1, 58, 13.04.2023, 13:48, 31.1, 1.1, 324.2991, 3.3, 5.1
976.1, 62, 13.04.2023, 13:48, 31.1, 1.1, 339.1702, 3.3, 4.3
976.1, 23, 13.04.2023, 13:48, 31.1, 1.1, 157.2827, 3.3, 4.2
976.1, 26, 13.04.2023, 13:48, 31.1, 1.1, 339.1702, 3.3, 13.7
976.1, 64, 13.04.2023, 13:48, 31.5, 1.1, 339.1702, 2.4, 9.4
976.1, 63, 13.04.2023, 13:48, 31.5, 1.1, 339.1702, 2.4, 11.7
976.1, 24, 13.04.2023, 13:48, 31.5, 1.1, 157.0877, 2.4, 8.5
976.1, 27, 13.04.2023, 13:48, 31.5, 1.1, 342.8542, 2.4, 14.3
976.1, 72, 13.04.2023, 13:48, 31.5, 1.1, 342.8542, 2.4, 6.8
976.1, 65, 13.04.2023, 13:48, 31.5, 1.1, 342.8542, 2.4, 12.6
976.1, 28, 13.04.2023, 13:48, 31.5, 1.1, 342.8542, 2.4, 12.2
976.1, 25, 13.04.2023, 13:48, 31.5, 1.1, 342.8542, 2.4, 2.6
976.1, 113, 13.04.2023, 13:48, 31.5, 1.1, 342.8542, 2.4, 12.2
976.1, 66, 13.04.2023, 13:48, 31.5, 1.1, 342.8542, 2.4, 16.3
976.1, 29, 13.04.2023, 13:48, 31.5, 1.1, 342.8542, 2.4, 13.9
976.1, 114, 13.04.2023, 13:48, 31.8, 1.1, 342.8542, 1.4, 12.6
976.1, 42, 13.04.2023, 13:48, 31.8, 1.1, 342.8542, 1.4, 8.8
976.1, 68, 13.04.2023, 13:48, 31.8, 1.1, 356.1445, 1.4, 7.9
976.1, 30, 13.04.2023, 13:48, 31.8, 1.1, 356.1445, 1.4, 10.5
976.1, 69, 13.04.2023, 13:48, 31.8, 1.1, 356.1445, 1.4, 16.6
976.1, 54, 13.04.2023, 13:48, 31.8, 1.1, 330.1171, 1.4, 4.1
976.1, 44, 13.04.2023, 13:48, 31.8, 1.1, 356.1445, 1.4, 9.2
976.1, 31, 13.04.2023, 13:48, 31.8, 1.1, 356.1445, 1.4, 12.3
976.1, 71, 13.04.2023, 13:48, 31.8, 1.1, 356.1445, 1.4, 15.9
976.1, 55, 13.04.2023, 13:48, 31.8, 1.1, 356.1445, 1.4, 8.3
976.1, 45, 13.04.2023, 13:48, 31.8, 1.1, 356.1445, 1.4, 9.4
976.1, 33, 13.04.2023, 13:48, 31.8, 1.1, 356.1445, 1.4, 12.1
976.1, 74, 13.04.2023, 13:48, 31.5, 1.1, 357.2391, 2.4, 16.9
976.1, 56, 13.04.2023, 13:48, 31.5, 1.1, 342.9859, 2.4, 5.9
976.1, 47, 13.04.2023, 13:48, 31.5, 1.1, 357.2391, 2.4, 12.9
976.1, 34, 13.04.2023, 13:48, 31.5, 1.1, 357.2391, 2.4, 16.4
976.1, 57, 13.04.2023, 13:49, 31.5, 1.1, 357.2391, 2.4, 9.5
976.1, 78, 13.04.2023, 13:49, 31.5, 1.1, 156.8093, 2.4, 9.9
976.1, 35, 13.04.2023, 13:49, 31.5, 1.1, 357.2391, 2.4, 10.4
976.1, 48, 13.04.2023, 13:49, 31.5, 1.1, 357.2391, 2.4, 8.3
976.1, 36, 13.04.2023, 13:49, 31.5, 1.1, 357.2391, 2.4, 14.8
976.1, 58, 13.04.2023, 13:49, 31.5, 1.1, 342.9859, 2.4, 5.4
976.1, 59, 13.04.2023, 13:49, 31.5, 1.1, 357.2391, 2.4, 10
976.1, 37, 13.04.2023, 13:49, 32, 1.2, 357.7035, 3.2, 6.6
976.1, 64, 13.04.2023, 13:49, 32, 1.2, 357.7035, 3.2, 10.3
976.1, 75, 13.04.2023, 13:49, 32, 1.2, 155.3148, 3.2, 9
976.1, 38, 13.04.2023, 13:49, 32, 1.2, 357.7035, 3.2, 9.3
976.1, 72, 13.04.2023, 13:49, 32, 1.2, 357.7035, 3.2, 7
976.1, 77, 13.04.2023, 13:49, 32, 1.2, 157.0758, 3.2, 7.4
976.1, 39, 13.04.2023, 13:49, 32, 1.2, 357.7035, 3.2, 14.6
976.1, 113, 13.04.2023, 13:49, 32, 1.2, 357.7035, 3.2, 13.7
976.1, 40, 13.04.2023, 13:49, 32.3, 1.2, 359.9706, 3.3, 10.4
976.1, 114, 13.04.2023, 13:49, 32.3, 1.2, 359.9706, 3.3, 14.1
976.1, 79, 13.04.2023, 13:49, 32.3, 1.2, 154.7208, 3.3, 17.3
976.1, 41, 13.04.2023, 13:49, 32.3, 1.2, 359.9706, 3.3, 18.1
976.1, 54, 13.04.2023, 13:49, 32.3, 1.2, 361.9863, 3.3, 4.4
976.1, 80, 13.04.2023, 13:49, 32.3, 1.2, 155.7701, 3.3, 15.4
976.1, 50, 13.04.2023, 13:49, 32.3, 1.2, 361.9863, 3.3, 10.7
976.1, 55, 13.04.2023, 13:49, 32.3, 1.2, 359.9706, 3.3, 6.7
976.1, 81, 13.04.2023, 13:49, 32.3, 1.2, 156.1287, 3.3, 14.4
976.1, 56, 13.04.2023, 13:49, 33.3, 1.2, 353.4824, 1.1, 6.3
976.1, 51, 13.04.2023, 13:49, 33.3, 1.2, 353.4824, 1.1, 8.6
976.1, 82, 13.04.2023, 13:50, 33.3, 1.2, 156.0945, 1.1, 10.7
976.1, 57, 13.04.2023, 13:50, 33.3, 1.2, 361.5601, 1.1, 7.8
976.1, 52, 13.04.2023, 13:50, 33.3, 1.2, 353.4824, 1.1, 11.9
976.1, 83, 13.04.2023, 13:50, 33.3, 1.2, 156.0945, 1.1, 12.2
976.1, 58, 13.04.2023, 13:50, 33.3, 1.2, 353.4824, 1.1, 6.2
976.1, 1, 13.04.2023, 13:50, 33.3, 1.2, 363.7823, 1.1, 11.3
976.1, 76, 13.04.2023, 13:50, 33.4, 1.3, 154.1318, 2.2, 21.5
976.1, 84, 13.04.2023, 13:50, 33.4, 1.3, 155.5077, 2.2, 8.9
976.1, 4, 13.04.2023, 13:50, 33.4, 1.3, 357.487, 2.2, 7.6
976.1, 64, 13.04.2023, 13:50, 33.4, 1.3, 363.7823, 2.2, 12.6
976.1, 88, 13.04.2023, 13:50, 33.4, 1.3, 155.607, 2.2, 13.5
976.1, 6, 13.04.2023, 13:50, 33.4, 1.3, 366.0786, 2.2, 6
976.1, 85, 13.04.2023, 13:50, 33.4, 1.3, 154.1318, 2.2, 14.4
976.1, 72, 13.04.2023, 13:50, 33.4, 1.3, 363.7823, 2.2, 8.1
976.1, 94, 13.04.2023, 13:50, 33.4, 1.3, 154.1318, 2.2, 11.4
976.1, 9, 13.04.2023, 13:50, 33.4, 1.3, 363.7823, 2.2, 10.8
976.1, 113, 13.04.2023, 13:50, 33.4, 1.3, 363.7823, 2.2, 15.9
976.1, 87, 13.04.2023, 13:50, 33.4, 1.3, 154.9738, 2.2, 14.3
976.1, 95, 13.04.2023, 13:50, 32.9, 1.3, 154.9738, 2.6, 11.6
976.1, 11, 13.04.2023, 13:50, 32.9, 1.3, 368.3673, 2.6, 11.1
976.1, 114, 13.04.2023, 13:50, 32.9, 1.3, 368.3673, 2.6, 16.2
976.1, 90, 13.04.2023, 13:50, 32.9, 1.3, 156.6909, 2.6, 13.1
976.1, 96, 13.04.2023, 13:50, 32.9, 1.3, 154.9738, 2.6, 13.4
976.1, 12, 13.04.2023, 13:50, 32.9, 1.3, 357.5649, 2.6, 7.6
976.1, 97, 13.04.2023, 13:50, 32.9, 1.3, 156.6909, 2.6, 8
976.1, 54, 13.04.2023, 13:50, 32.9, 1.3, 363.4078, 2.6, 6.9
976.1, 91, 13.04.2023, 13:50, 32.9, 1.3, 156.7183, 2.6, 13.8
976.1, 14, 13.04.2023, 13:50, 32.9, 1.3, 363.4078, 2.6, 4.8
976.1, 98, 13.04.2023, 13:50, 32.9, 1.3, 156.6909, 2.6, 9.1
976.1, 55, 13.04.2023, 13:50, 32.9, 1.3, 371.4689, 2.6, 8.6
976.1, 16, 13.04.2023, 13:50, 33.1, 1.3, 361.5361, 0.8, 11.6
976.1, 93, 13.04.2023, 13:50, 33.1, 1.3, 157.2225, 0.8, 8.6
976.1, 99, 13.04.2023, 13:50, 33.1, 1.3, 157.172, 0.8, 10.5
976.1, 53, 13.04.2023, 13:51, 33.1, 1.3, 361.5613, 0.8, 8.2
976.1, 56, 13.04.2023, 13:51, 33.1, 1.3, 361.5613, 0.8, 8.5
976.1, 100, 13.04.2023, 13:51, 33.1, 1.3, 157.2225, 0.8, 12.4
976.1, 108, 13.04.2023, 13:51, 33.1, 1.3, 157.2225, 0.8, 17.6
976.1, 60, 13.04.2023, 13:51, 33.1, 1.3, 371.4689, 0.8, 15.9
976.1, 57, 13.04.2023, 13:51, 33.1, 1.3, 371.4689, 0.8, 12.7
976.1, 101, 13.04.2023, 13:51, 33.1, 1.3, 157.2225, 0.8, 15.3
976.1, 61, 13.04.2023, 13:51, 33.1, 1.3, 374.7937, 0.8, 10.6
976.1, 58, 13.04.2023, 13:51, 33.1, 1.3, 357.1156, 0.8, 8.6
976.1, 111, 13.04.2023, 13:51, 33.1, 1.3, 157.5238, 0.8, 12.8
976.1, 110, 13.04.2023, 13:51, 33.7, 1.4, 157.9233, 2.5, 14.7
976.1, 62, 13.04.2023, 13:51, 33.7, 1.4, 374.7937, 2.5, 9.7
976.1, 112, 13.04.2023, 13:51, 33.7, 1.4, 157.5238, 2.5, 12.9
976.1, 115, 13.04.2023, 13:51, 33.7, 1.4, 155.4179, 2.5, 18.2
976.1, 63, 13.04.2023, 13:51, 33.7, 1.4, 374.7937, 2.5, 13.8
976.1, 116, 13.04.2023, 13:51, 33.7, 1.4, 155.4179, 2.5, 15.7
976.1, 122, 13.04.2023, 13:51, 33.7, 1.4, 374.7937, 2.5, 22.9
976.1, 65, 13.04.2023, 13:51, 33.7, 1.4, 374.4189, 2.5, 16
976.1, 126, 13.04.2023, 13:51, 34.6, 1.4, 374.4189, 2.2, 11.7
976.1, 117, 13.04.2023, 13:51, 34.6, 1.4, 157.6535, 2.2, 14
976.1, 66, 13.04.2023, 13:51, 34.6, 1.4, 374.4189, 2.2, 19.2
976.1, 68, 13.04.2023, 13:51, 34.6, 1.4, 374.4189, 2.2, 16
976.1, 2, 13.04.2023, 13:51, 34.6, 1.4, 374.4189, 2.2, 12.2
976.1, 123, 13.04.2023, 13:51, 34.6, 1.4, 155.5018, 2.2, 12
976.1, 54, 13.04.2023, 13:51, 34.6, 1.4, 333.4441, 2.2, 8.1
976.1, 69, 13.04.2023, 13:51, 34.6, 1.4, 378.9677, 2.2, 18.7
976.1, 3, 13.04.2023, 13:51, 34.6, 1.4, 378.9677, 2.2, 8.4
976.1, 55, 13.04.2023, 13:51, 35.1, 1.4, 378.9677, 2.2, 9.6
976.1, 17, 13.04.2023, 13:52, 35.1, 1.4, 156.1011, 2.2, 16.9
976.1, 5, 13.04.2023, 13:52, 35.1, 1.4, 359.4714, 2.2, 13.4
976.1, 71, 13.04.2023, 13:52, 35.1, 1.4, 378.9677, 2.2, 18.5
976.1, 56, 13.04.2023, 13:52, 35.1, 1.4, 359.4714, 2.2, 9.5
976.1, 7, 13.04.2023, 13:52, 35.1, 1.4, 334.6716, 2.2, 12.4
976.1, 18, 13.04.2023, 13:52, 35.1, 1.4, 156.1011, 2.2, 10.5
976.1, 74, 13.04.2023, 13:52, 35.1, 1.4, 378.9677, 2.2, 19.7
976.1, 8, 13.04.2023, 13:52, 35.1, 1.4, 334.6716, 2.2, 10.5
976.1, 57, 13.04.2023, 13:52, 35.1, 1.4, 377.0125, 2.2, 11.3
976.1, 21, 13.04.2023, 13:52, 34.8, 1.5, 333.1387, 2.5, 16.7
976.1, 72, 13.04.2023, 13:52, 34.8, 1.5, 377.0561, 2.5, 9
976.1, 105, 13.04.2023, 13:52, 34.8, 1.5, 156.2413, 2.5, 16.5
976.1, 29, 13.04.2023, 13:52, 35.2, 1.5, 377.0561, 2.3, 17
976.1, 22, 13.04.2023, 13:52, 35.2, 1.5, 323.1792, 2.3, 11.9
976.1, 113, 13.04.2023, 13:52, 35.2, 1.5, 377.0561, 2.3, 18.3
976.1, 107, 13.04.2023, 13:52, 35.2, 1.5, 377.0561, 2.3, 18.2
976.1, 30, 13.04.2023, 13:52, 35.2, 1.5, 377.0561, 2.3, 13
976.1, 114, 13.04.2023, 13:52, 35.2, 1.5, 377.0561, 2.3, 18.3
976.1, 23, 13.04.2023, 13:52, 35.2, 1.5, 157.4828, 2.3, 6.4
976.1, 109, 13.04.2023, 13:52, 35.2, 1.5, 154.7744, 2.3, 13.3
976.1, 31, 13.04.2023, 13:52, 35.2, 1.5, 377.0561, 2.3, 14.3
976.1, 54, 13.04.2023, 13:52, 35.2, 1.5, 335.3013, 2.3, 9
976.1, 24, 13.04.2023, 13:52, 35.2, 1.5, 155.7596, 2.3, 16.2
976.1, 118, 13.04.2023, 13:52, 35.2, 1.5, 154.7455, 2.3, 13.5
976.1, 33, 13.04.2023, 13:52, 34.9, 1.5, 376.8938, 2.4, 13.6
976.1, 119, 13.04.2023, 13:53, 34.9, 1.5, 155.7596, 2.4, 13.1
976.1, 55, 13.04.2023, 13:53, 34.9, 1.5, 376.8938, 2.4, 10.3
976.1, 25, 13.04.2023, 13:53, 34.9, 1.5, 376.8938, 2.4, 6
976.1, 34, 13.04.2023, 13:53, 34.9, 1.5, 376.8938, 2.4, 20.5
976.1, 121, 13.04.2023, 13:53, 34.9, 1.5, 155.7596, 2.4, 15.4
976.1, 56, 13.04.2023, 13:53, 34.9, 1.5, 365.01, 2.4, 10.2
976.1, 35, 13.04.2023, 13:53, 34.9, 1.5, 376.8938, 2.4, 13.7
976.1, 124, 13.04.2023, 13:53, 34.9, 1.5, 155.1443, 2.4, 15
976.1, 57, 13.04.2023, 13:53, 34.9, 1.5, 385.352, 2.4, 12.1
976.1, 36, 13.04.2023, 13:53, 34.9, 1.5, 385.352, 2.4, 13
976.1, 125, 13.04.2023, 13:53, 34.9, 1.5, 156.6872, 2.4, 15.6
976.1, 44, 13.04.2023, 13:53, 33.9, 1.4, 385.352, 1, 12.5
976.1, 58, 13.04.2023, 13:53, 33.9, 1.4, 380.6863, 1, 10.3
976.1, 37, 13.04.2023, 13:53, 33.9, 1.4, 385.352, 1, 9.8
976.1, 1, 13.04.2023, 13:53, 33.9, 1.4, 385.352, 1, 13.3
976.1, 45, 13.04.2023, 13:53, 33.9, 1.4, 385.352, 1, 14.2
976.1, 38, 13.04.2023, 13:53, 33.9, 1.4, 385.352, 1, 9.9
976.1, 64, 13.04.2023, 13:53, 33.9, 1.4, 385.352, 1, 16.2
976.1, 4, 13.04.2023, 13:53, 33.9, 1.4, 380.6863, 1, 9.2
976.1, 47, 13.04.2023, 13:53, 33.9, 1.4, 385.4417, 1, 14.8
976.1, 6, 13.04.2023, 13:53, 33.9, 1.4, 342.6044, 1, 6.9
976.1, 39, 13.04.2023, 13:53, 33.9, 1.4, 385.4417, 1, 17.5
976.1, 72, 13.04.2023, 13:53, 33.9, 1.4, 385.4417, 1, 9.7
976.1, 40, 13.04.2023, 13:53, 33.1, 1.4, 385.4417, 3.1, 13.2
976.1, 9, 13.04.2023, 13:53, 33.1, 1.4, 385.4417, 3.1, 12.2
976.1, 113, 13.04.2023, 13:53, 33.1, 1.4, 385.4417, 3.1, 18.9
976.1, 48, 13.04.2023, 13:53, 33.1, 1.4, 385.4417, 3.1, 11.6
976.1, 114, 13.04.2023, 13:53, 33.1, 1.4, 385.4417, 3.1, 18.8
976.1, 11, 13.04.2023, 13:53, 33.1, 1.4, 385.4417, 3.1, 11.5
976.1, 41, 13.04.2023, 13:53, 33.1, 1.4, 385.4417, 3.1, 21.8
976.1, 59, 13.04.2023, 13:53, 33.1, 1.4, 379.4871, 3.1, 14.8
976.1, 12, 13.04.2023, 13:53, 33.1, 1.4, 378.9187, 3.1, 8.7
976.1, 54, 13.04.2023, 13:53, 33.1, 1.4, 330.3563, 3.1, 9.6
976.1, 50, 13.04.2023, 13:53, 33.1, 1.4, 330.3563, 3.1, 12.5
976.1, 75, 13.04.2023, 13:54, 32.6, 1.4, 153.6367, 2.3, 9.3
976.1, 14, 13.04.2023, 13:54, 32.6, 1.4, 330.3563, 2.3, 5.3
976.1, 55, 13.04.2023, 13:54, 32.6, 1.4, 379.4871, 2.3, 10.9
976.1, 16, 13.04.2023, 13:54, 32.6, 1.4, 330.3563, 2.3, 12.7
976.1, 56, 13.04.2023, 13:54, 32.6, 1.4, 370.831, 2.3, 10.6
976.1, 53, 13.04.2023, 13:54, 32.6, 1.4, 370.831, 2.3, 8.4
976.1, 57, 13.04.2023, 13:54, 32.6, 1.4, 376.5935, 2.3, 12.9
976.1, 60, 13.04.2023, 13:54, 32.2, 1.5, 376.5935, 1.5, 18.6
976.1, 58, 13.04.2023, 13:54, 32.2, 1.5, 370.831, 1.5, 11.1
976.1, 61, 13.04.2023, 13:54, 32.2, 1.5, 376.5935, 1.5, 11.2
976.1, 64, 13.04.2023, 13:54, 32.2, 1.5, 374.0661, 1.5, 16.8
976.1, 62, 13.04.2023, 13:54, 32.2, 1.5, 374.0661, 1.5, 9.5
976.1, 72, 13.04.2023, 13:54, 32.2, 1.5, 374.0661, 1.5, 10.1
976.1, 63, 13.04.2023, 13:54, 32.2, 1.5, 374.0661, 1.5, 15.1
976.1, 65, 13.04.2023, 13:54, 31.9, 1.5, 374.0661, 1.8, 17.9
976.1, 113, 13.04.2023, 13:54, 31.9, 1.5, 374.0661, 1.8, 19.6
976.1, 114, 13.04.2023, 13:54, 31.9, 1.5, 371.1676, 1.8, 19.5
976.1, 66, 13.04.2023, 13:54, 31.9, 1.5, 371.1676, 1.8, 20.5
976.1, 68, 13.04.2023, 13:55, 31.9, 1.5, 371.1676, 1.8, 18.6
976.1, 54, 13.04.2023, 13:55, 31.9, 1.5, 327.6914, 1.8, 10.1
976.1, 69, 13.04.2023, 13:55, 31.5, 1.5, 371.1676, 1.2, 19.7
976.1, 55, 13.04.2023, 13:55, 31.5, 1.5, 371.1676, 1.2, 11.4
976.1, 71, 13.04.2023, 13:55, 31.5, 1.5, 363.6552, 1.2, 20.6
976.1, 56, 13.04.2023, 13:55, 31.5, 1.5, 339.0929, 1.2, 11.2
976.1, 74, 13.04.2023, 13:55, 31.5, 1.5, 363.6552, 1.2, 21.2
976.1, 57, 13.04.2023, 13:55, 30.6, 1.5, 363.6552, 1.6, 13.7
976.1, 78, 13.04.2023, 13:55, 30.6, 1.5, 155.8231, 1.6, 14
976.1, 58, 13.04.2023, 13:55, 30.6, 1.5, 339.0929, 1.6, 12
976.1, 102, 13.04.2023, 13:55, 30.6, 1.5, 153.4229, 1.6, 16.8
976.1, 64, 13.04.2023, 13:55, 30.6, 1.5, 358.4354, 1.6, 17.3
976.1, 104, 13.04.2023, 13:55, 30.6, 1.5, 153.4229, 1.6, 14.4
976.1, 72, 13.04.2023, 13:55, 30.5, 1.5, 358.4354, 0.2, 11
976.1, 105, 13.04.2023, 13:55, 30.5, 1.5, 155.3717, 0.2, 20.6
976.1, 113, 13.04.2023, 13:55, 30.5, 1.5, 359.7015, 0.2, 20.4
976.1, 107, 13.04.2023, 13:55, 30.5, 1.5, 359.7015, 0.2, 21.7
976.1, 2, 13.04.2023, 13:55, 30.5, 1.5, 359.7015, 0.2, 13.7
976.1, 114, 13.04.2023, 13:55, 30.5, 1.5, 359.7015, 0.2, 20.1
976.1, 3, 13.04.2023, 13:56, 30.5, 1.5, 359.7015, 0.2, 8.2
976.1, 109, 13.04.2023, 13:56, 30.5, 1.5, 154.3215, 0.2, 17.4
976.1, 54, 13.04.2023, 13:56, 30.5, 1.6, 321.5506, 0.5, 10.9
976.1, 5, 13.04.2023, 13:56, 30.5, 1.6, 332.3484, 0.5, 14.8
976.1, 118, 13.04.2023, 13:56, 30.5, 1.6, 156.1642, 0.5, 17.3
976.1, 55, 13.04.2023, 13:56, 30.5, 1.6, 357.7479, 0.5, 12.1
976.1, 7, 13.04.2023, 13:56, 30.5, 1.6, 319.0185, 0.5, 13.5
976.1, 119, 13.04.2023, 13:56, 30.5, 1.6, 156.4533, 0.5, 18
976.1, 8, 13.04.2023, 13:56, 30.5, 1.6, 319.0185, 0.5, 11.7
976.1, 56, 13.04.2023, 13:56, 30.5, 1.6, 330.7278, 0.5, 12.2
976.1, 26, 13.04.2023, 13:56, 30.7, 1.7, 357.7479, 1, 19.2
976.1, 57, 13.04.2023, 13:56, 30.7, 1.7, 357.7479, 1, 14.7
976.1, 27, 13.04.2023, 13:56, 30.7, 1.7, 356.0271, 1, 17.9
976.1, 58, 13.04.2023, 13:56, 30.7, 1.7, 338.4494, 1, 12.6
976.1, 28, 13.04.2023, 13:56, 30.7, 1.7, 356.0271, 1, 18.9
976.1, 1, 13.04.2023, 13:56, 30.7, 1.7, 356.0271, 1, 15.7
976.1, 17, 13.04.2023, 13:56, 30.7, 1.7, 154.2145, 1, 19.4
976.1, 64, 13.04.2023, 13:56, 30.7, 1.7, 356.0271, 1, 18.2
976.1, 4, 13.04.2023, 13:56, 30.4, 1.7, 338.4494, 1.1, 10.7
976.1, 29, 13.04.2023, 13:56, 30.4, 1.7, 356.0271, 1.1, 19.5
976.1, 18, 13.04.2023, 13:56, 30.4, 1.7, 154.2145, 1.1, 13.4
976.1, 72, 13.04.2023, 13:56, 30.4, 1.7, 356.0271, 1.1, 11.6
976.1, 6, 13.04.2023, 13:56, 30.4, 1.7, 325.4529, 1.1, 9.2