Название региона или Федерального округа,Период,"Число музеев,филиалов и структурных подразделений, ед.  ","Число музеев, ед.  ","Число филиалов, ед.  ","Число структурных подразделений, ед.  ","из общего числа музеев имеют музейные предметы, внесенных в АМС, ед. ",из общего числа музеев имеют предметы в цифровом изображении ,"из общего числа музеев имеют предметы в цифровом изображении, доступные в  Интернете 
на различных сайтах/порталах ","из общего числа музеев имеют музейные предметы, внесенные в электронный каталог ","Общий объем музейного фонда на конец года, ед.  ","из общего объема музейного фонда на конец года, ед. предметы, содержащие драгоценные металлы и камни ","из общего объема музейного фонда на конец года, ед. число предметов, включенных в состав государ-ственной части Музейного фонда Российской Федерации ","из общего объема музейного фонда на конец года, ед. число предметов, включенных в состав негосудар-ственной части Музейного фонда Российской Федерации ","из общего объема музейного фонда на конец года, ед. число предметов, являющихся федеральной собствен-ностью, переданных музею в оперативное управление или безвозмездное пользование ","из общего объема музейного фонда на конец года, ед. число предметов, являющихся собственностью субъекта Российской Федерации, переданных музею в оперативное управление или безвозмездное пользование ","из общего объема музейного фонда на конец года, ед. число предметов, являющихся муниципальной собствен-ностью, переданных музею в оперативное управление или безвозмездное пользование ","из общего объема музейного фонда на конец года, ед. число предметов, являющихся частной собственностью ","из общего объема музейного фонда на конец года, ед. число предметов, включенных в экспозицию (выставку) для восприятия слепыми и слабовидя-щими ","Число предметов основного фонда на конец года, ед.  ","из общего числа предметов основного фонда, ед. предметы, содержащие драгоценные металлы и камни ","из общего числа предметов основного фонда, ед. число предметов, включенных в состав государ-ственной части Музейного фонда Российской Федерации ","из общего числа предметов основного фонда, ед. число предметов, включенных в состав негосудар-ственной части Музейного фонда Российской Федерации ","из общего числа предметов основного фонда, ед. число предметов, являющихся федеральной собствен-ностью, переданных музею в оперативное управление или безвозмездное пользование ","из общего числа предметов основного фонда, ед. число предметов, являющихся собственностью субъекта Российской Федерации, переданных музею в оперативное управление или безвозмездное пользование ","из общего числа предметов основного фонда, ед. число предметов, являющихся муниципальной собствен-ностью, переданных музею в оперативное управление или безвозмездное пользование ","из общего числа предметов основного фонда, ед. число предметов, являющихся частной собственностью ","из общего числа предметов основного фонда, ед. число предметов, включенных в экспозицию (выставку) для восприятия слепыми и слабовидя-щими ","Число предметов основного фонда, которые экспониро-вались в течение отчетного года, ед.  ","Число предметов основного фонда, требующих реставрации, ед.  ","Число предметов основного фонда, отреставрированных в отчетном году, ед.  ","Число предметов научно-вспомога-тельного фонда на конец года, ед.  ","из общего числа предметов научно-вспомогательного фонда, ед. число предметов, являющихся федеральной собствен-ностью, переданных музею в оперативное управление или безвозмездное пользование ","из общего числа предметов научно-вспомогательного фонда, ед. число предметов, являющихся собствен-ностью субъекта Российской Федерации, переданных музею в оперативное управление или безвозмездное пользование ","из общего числа предметов научно-вспомогательного фонда, ед. число предметов, являющихся муниципальной собствен-ностью, переданных музею в оперативное управление или безвозмездное пользование ","из общего числа предметов научно-вспомогательного фонда, ед. число предметов, являющихся частной собственностью ","из общего числа предметов научно-вспомогательного фонда, ед. число предметов, включенных в экспозицию (выставку) для восприятия слепыми и слабовидящими ","Число предметов научно-вспомогательного фонда (НВФ), которые экспонировались в течение отчетного года, ед.","Число музеев, имеющих автоматизированную технологию обработки поступлений и ведения электронного каталога музейных предметов ","Число музеев, имеющих автоматизированную технологию для работы посетителей с электронными ресурсами музея ","Число музеев, имеющих доступ в Интернет ","Число музеев, имеющих доступ в Интернет для посетителей ","Число музеев, имеющих собственный Интернет – сайт или  Интернет - страницу ","Число музеев, имеющих собственный Интернет – сайт или  Интернет - страницу, доступные для слепых и слабовидящих ","Число музейных предметов, внесенных в  АМС, ед.  ","из них предметов, имеющих цифровые изображения  ",из них доступных в Интернете  ,"Число музейных предметов, внесенных в Государ-ственный электронный каталог, ед.  ","Общая площадь территории музеев, га  ","Общая площадь помещений (зданий), кв. м.  ",из общей площади помещений экспози-ционно-выставочная площадь ,из общей площади помещений площадь под хранение фондов ,"Число строений, ед. всего ","Число строений, ед. объекты культурного наследия федераль-ного значения","Число строений, ед.  региональ-ного значения","Число строений, ед. техническое состояние помещений требуют капиталь-ного ремонта","Число строений, ед. техническое состояние помещений аварийные","Число строений, ед. по форме владения в оперативном управлении","Число строений, ед. по форме владения арендованные","Число строений, ед. по форме владения прочие","Число строений, ед. с безбарьерной средой для инвалидов и лиц с нарушениями зрения","Число строений, ед. с безбарьерной средой для инвалидов и лиц с нарушениями слуха","Число строений, ед. с безбарьерной средой для инвалидов и лиц с нарушениями опорно-двигатель-ного аппарата","Характеристики по видам охраны сторожевая (музея) количество постов, ед.","Характеристики по видам охраны сторожевая (музея) численность сотрудников охраны, чел.","Характеристики по видам охраны сторожевая (вневедомственная) количество постов, ед.","Характеристики по видам охраны сторожевая (вневедомственная) численность сотрудников охраны, чел.","Характеристики по видам охраны Постовые войск национальной гвардии (Росгвардии) количество постов, ед.","Характеристики по видам охраны Постовые войск национальной гвардии (Росгвардии) численность сотрудников охраны, чел.","Характеристики по видам охраны пожарная количество постов, ед.","Характеристики по видам охраны пожарная численность сотрудников охраны, чел.","Характеристики по видам охраны система видеонаблюдения площадь помещений, находящихся под контролем, кв. м.","Характеристики по видам охраны система видеонаблюдения площадь открытой территории, находящейся под контролем, га","Характеристики по видам охраны система автоматизированного контроля и управления доступом в местах прохода персонала (посетителей) площадь помещений, находящихся под контролем, кв. м.","Характеристики по видам охраны система автоматизированного контроля и управления доступом в местах прохода персонала (посетителей) площадь открытой территории, находящейся под контролем, га","Характеристики по видам охраны система контроля температурно-влажностного режима площадь помещений, находящихся под контролем, кв. м.","Характеристики по видам охраны система контроля температурно-влажностного режима площадь помещений, находящихся под контролем, кв. м.","Площади музеев, кв. м.,  оборудованнные пожарной сигнализацией с выводом на пункт центрального наблюдения ","Площади музеев, кв. м.,  оборудованнные пожарной сигнализацией с автоматическими установками пожаротушения всего","Площади музеев, кв. м.,  оборудованнные пожарной сигнализацией с автоматическими установками пожаротушения в фондах","Площади музеев, кв. м.,  оборудованнные пожарной сигнализацией с автоматическими установками пожаротушения в экспозиции","Площади музеев, кв. м.,  оборудованнные пожарной сигнализацией с автоматическими установками пожаротушения в реставрационных лабораториях и мастерских","Число посещений, тыс. чел. всего ","Число посещений, тыс. чел. число индивидуальных посещений выставок и экспозиций всего","Число посещений, тыс. чел. число индивидуальных посещений выставок и экспозиций посетителей льготных категорий","Число посещений, тыс. чел. число индивидуальных посещений выставок и экспозиций лицами в возрасте до 16 лет","Число посещений, тыс. чел. число экскурсионных посещений всего","Число посещений, тыс. чел. число экскурсионных посещений посетителей льготных категорий","Число посещений, тыс. чел. число экскурсионных посещений лицами в возрасте до 16 лет","Кроме того, число посещений выставок вне музеев, тыс. чел.  ","Число экскурсий, ед.  ","Число массовых мероприятий музеев, ед.  ","Численность участников массовых мероприятий, тыс. чел.  ","Число культурно-образовательных программ, ед.  ","Численность участников культурно-образовательных программ, тыс.чел.  ","Число посещений музея всего, тыс.чел.  (сумма граф 85, 95, 97)  ","Число выставок - всего, ед.  ",из общего числа выставок открытых в отчетном году ,из общего числа выставок выставок (экспозиций) для лиц с нарушением зрения ,"Число экспозиций - всего, ед.  ",из общего числа экспозиций открытых в отчетном году ,из общего числа экспозиций выставок (экспозиций) для лиц с нарушением зрения ,из общего числа выставок проведены в музее из собственных фондов,из общего числа выставок проведены  с привлече-нием других фондов,из общего числа выставок проведены вне музея всего,из общего числа выставок проведены вне музея в других регионах Российской Федерации,из общего числа выставок проведены вне музея за рубежом,"Численность работников - всего, чел.  ","Численность сотрудников по штатному расписанию, чел.  ",Из них фактически работающих по штатному расписанию   ,Из общей численности работников - основной персонал  ,из числа основного персонала имеют образование высшее всего,из числа основного персонала имеют образование высшее имеют ученую степень,из числа основного персонала имеют образование среднее професси-ональное ,из числа штатного персонала имеют музейный стаж до 3 лет ,из числа штатного персонала имеют музейный стаж до 3 лет ,из числа штатного персонала имеют музейный стаж до 3 лет ,Из общей численности работников - количество инвалидов и лиц с нарушениями  ,Из общей численности работников - прошли обучение (инструктирование) по вопросам предостав-ления услуг инвалидам и лицам с ОВЗ  ,"Поступило финансовых средств за год, всего, тыс. руб.  ",из поступивших за год финансовых средств бюджетные ассигнования  учредителя ,"из поступивших за год финансовых средств бюджетные ассигнования  учредителя, в т.ч. субсидий на финансовое обеспечения выполнения госзадания ","из поступивших за год финансовых средств бюджетные ассигнования  учредителя, в т.ч. субсидий представляемых в соответствии с абз.2 п.1 ст.78.1 БК РФ ","из поступивших за год финансовых средств бюджетные ассигнования  учредителя, в т.ч. субсидий на осуществление капитальных вложений ","из поступивших за год финансовых средств бюджетные ассигнования  учредителя, в т.ч. грантов в форме субсидий ",из поступивших за год финансовых средств финанси-рование из бюджетов других уровней ,из поступивших за год финансовых средств поступления от оказания услуг на платной основе и от иной приносящей доход деятельности всего,из поступивших за год финансовых средств поступления от оказания услуг на платной основе и от иной приносящей доход деятельности от основных видов уставной деятельности,из поступивших за год финансовых средств поступления от оказания услуг на платной основе и от иной приносящей доход деятельности благотвори-тельные и спонсорские вклады,из поступивших за год финансовых средств поступления от оказания услуг на платной основе и от иной приносящей доход деятельности от иной приносящей доход  деятельности,из поступивших за год финансовых средств поступления от оказания услуг на платной основе и от иной приносящей доход деятельности от сдачи имущества в аренду,из поступивших за год финансовых средств от реализации ценных бумаг ,"Израсхо-довано за год финансовых средств, всего, тыс. руб.  ","из израсходованных за год финансовых средств, тыс. руб. расходы на оплату труда всего","из израсходованных за год финансовых средств, тыс. руб. расходы на оплату труда из них 
за счет средств, полученных от предпринимательской деятельности и сдачи имущества в аренду
","из израсходованных за год финансовых средств, тыс. руб. расходы на оплату труда расходы на оплату труда основному персоналу","из израсходованных за год финансовых средств, тыс. руб. расходы на оплату труда из них 
за счет средств, полученных от предпринимательской деятельности и сдачи имущества в аренду
","из израсходованных за год финансовых средств, тыс. руб. на капитальный ремонт и реставрацию всего","из израсходованных за год финансовых средств, тыс. руб. на капитальный ремонт и реставрацию из них 
за счет средств, полученных от предпринимательской деятельности и сдачи имущества в аренду
","из израсходованных за год финансовых средств, тыс. руб. на приобретение (замену) оборудования всего","из израсходованных за год финансовых средств, тыс. руб. на приобретение (замену) оборудования из них для улучшения условий доступности для инвалидов и лиц с ОВЗ","из израсходованных за год финансовых средств, тыс. руб. на приобретение (замену) оборудования из них 
за счет средств, полученных от предпринимательской деятельности и сдачи имущества в аренду
","из израсходованных за год финансовых средств, тыс. руб. на пополнение фонда музея всего","из израсходованных за год финансовых средств, тыс. руб. на пополнение фонда музея из них 
за счет средств, полученных от предпринимательской деятельности и сдачи имущества в аренду
","из израсходованных за год финансовых средств, тыс. руб. на организацию и проведение выставок всего","из израсходованных за год финансовых средств, тыс. руб. на организацию и проведение выставок из них 
за счет средств, полученных от предпринимательской деятельности и сдачи имущества в аренду
","из израсходованных за год финансовых средств, тыс. руб. на реставрацию предметов основного и научно-вспомогательного фондов всего","из израсходованных за год финансовых средств, тыс. руб. на реставрацию предметов основного и научно-вспомогательного фондов из них 
за счет средств, полученных от предпринимательской деятельности и сдачи имущества в аренду
","из израсходованных за год финансовых средств, тыс. руб. на информатизацию музейной деятельности, в т.ч. создание электронных каталогов и оцифровку музейного фонда всего","из израсходованных за год финансовых средств, тыс. руб. на информатизацию музейной деятельности, в т.ч. создание электронных каталогов и оцифровку музейного фонда из них 
за счет средств, полученных от предпринимательской деятельности и сдачи имущества в аренду
","из израсходованных за год финансовых средств, тыс. руб. на обеспечение безопасности экспозиции, фондохранилищ, посетителей всего","из израсходованных за год финансовых средств, тыс. руб. на обеспечение безопасности экспозиции, фондохранилищ, посетителей из них 
за счет средств, полученных от предпринимательской деятельности и сдачи имущества в аренду
"
Всего по Российской Федерации,2023,3119,1880,798,441,1710,1551,1410,2321,96448055,3086701,55918521,7054954,48242388,9645075,7263654,99156,93582,71783679,3086701,55918521,7054954,44576581,6987856,5093079,88307,66974,7247481,6307153,44383,23788017,3628378,2631560,2168522,10849,26593,1318221,1710,616,2868,1144,2816,1891,63754402,46936525,32956822,44390016,433684.85,6548311.6,2168302.38,561129.86,12937,2855,2436,3640,758,11416,431,1090,1330,1547,2203,2466,6445,1512,3492,381,1139,393,978,2568859.14,4166.47,1316591.6,3768.51,1326166.22,1003388.42,4211441.73,1041568.53,241858.93,380413.16,47258.52,132318.1,94492.7,33510.5,23012.1,37825.4,12550.2,15727.2,48613.5,2606500,109170,20096.8,417872,10730.4,163145.3,81706,69768,1728,20190,3765,903,41308,20345,20053,2041,140,78325,84951,75582,48888,35383,2048,9107,22100,24749,27426,2495,8746,129982384,97155308,73570379,13292127,2938002,237975,2993008,29834062,22592091,1951140,4390474,699959,6,126346467,71933117,15677177,42295880,7576478,10339551,918437,5143625,73112,1242470,655818,372072,4176627,1253371,503487,159052,659985,238168,4281096,520967
Центральный федеральный округ,2023,751,439,226,86,424,388,354,570,31836611,1406374,21906460,1078920,19982194,2792618,1391156,44216,23497,24904844,1406374,21906460,1078920,18742817,2077129,1039318,43716,11709,1687961,3087063,14450,6899731,1228999,713488,350979,500,11788,284989,424,162,694,360,693,518,24035950,17986658,11755424,16579707,15196.57,2202476.9,699476.98,181109.96,3195,851,543,949,160,2861,130,204,445,534,648,951,2233,492,951,201,505,120,246,955494.44,645.52,532895.6,94.2,497612.22,375455.42,1366594.03,360425.53,82110.93,120193.16,5057.52,41130.7,30782.9,12449.8,7474.7,10347.8,4049.4,4640.7,15277.6,742642,34989,7339.4,111429,2800.3,51270.4,16752,14491,464,4394,863,248,7597,5685,3470,954,78,26753,29444,25829,16149,12120,806,2859,7786,8462,9298,780,3457,54136728,41864211,31006030,5624084,1065945,155378,721321,11551196,7983438,683190,2550812,376498,0,52573272,29298304,7780852,15245897,2659875,4246132,142110,1715548,20476,350257,172784,117816,1875671,516798,151616,31267,258062,113056,1956698,234552
Белгородская обл.,2023,44,30,12,2,36,35,34,41,738282,5203,339065,230532,158604,92074,296428,23,1198,547952,5203,339065,230532,158604,88211,260464,23,956,140969,5996,193,190029,0,3863,35842,0,242,28191,36,31,42,33,42,41,620705,578509,446635,541305,59.35,57982,20929,2932,79,3,23,16,1,73,3,3,27,25,37,20,59,16,31,4,12,6,15,32414,27.29,8364,0.1,6680,6385,49718,6700,1333,4267,796,1104.3,433.8,202.9,143.8,670.5,139.5,455.6,310,43106,1573,195,18431,314.6,1613.9,1435,1373,72,115,31,15,820,305,310,15,0,787,812,769,505,372,7,94,208,247,308,40,120,755079,638494,547514,27305,13,800,18364,98221,44233,4125,49392,2403,0,758330,453064,134011,287426,5931,2246,1196,22954,586,4641,1315,519,18753,1541,715,215,931,544,18963,333
Брянская обл.,2023,33,16,14,3,16,14,14,29,572668,50631,412188,8506,300472,53469,23606,0,1413,435422,50631,412188,8506,300472,49915,20012,0,640,81529,30638,10,137151,0,3554,3594,0,773,15027,16,5,33,13,33,18,177327,71148,49747,299354,129.58,33128,14469,1842,63,3,6,26,1,53,2,8,6,5,17,4,8,8,20,0,0,9,19,11409,14.89,151,0,3237,2067,19792,3230,273,1722,0,776.8,473.5,188.1,204.2,303.3,132.4,176.4,174.2,13011,2189,131.6,2231,201.8,1110.2,1204,1037,44,383,151,33,869,213,122,39,6,343,369,341,234,157,4,67,79,105,155,7,51,359898,313540,211613,37688,60621,0,14561,31797,22487,120,9190,214,0,298632,179985,5654,117212,1790,16772,728,32496,847,2169,2947,96,8818,4176,168,168,310,80,9053,1410
Владимирская обл.,2023,26,25,1,0,15,15,14,20,956609,35015,534099,76577,462509,32137,114750,0,27,702924,35015,534099,76577,462509,27472,78192,0,5,68925,58544,854,248684,0,4665,36558,0,22,8775,15,9,25,13,26,21,727994,564819,441126,592486,103.07,74835,25381,4943,189,76,51,82,15,174,8,7,15,18,15,5,10,9,18,10,17,0,0,23259,18.1,3316,1.5,31994,3900,50262,2553,1558,719,0,1702.6,1167.9,149.2,170.4,534.7,81.9,192.8,96.3,30985,920,122.7,2384,49.1,1874.4,478,396,13,198,20,23,207,188,83,16,1,884,940,869,640,394,7,158,233,275,349,20,153,1138591,692188,523742,99516,37972,100,38909,407494,390674,6239,9527,825,0,1100540,677748,243219,466664,204233,73410,9784,44052,1430,8867,3570,1408,18727,6554,4748,68,8311,1715,46833,8404
Воронежская обл.,2023,29,21,,8,15,13,12,21,623983,21218,312364,1682,250982,54204,69390,227,115,391897,21218,312364,1682,250982,43747,61327,227,115,72878,30958,27,231962,0,10457,8063,0,0,18028,15,4,29,11,29,20,272943,241518,118893,278465,1171.02,28880,15025,2430,69,8,22,15,2,65,4,0,22,25,21,4,13,24,65,1,1,3,9,11397,7.29,0,0,9518,3490,19832,1139,99,1027,0,914.2,627.2,380.5,212.6,287,104.1,121,139.8,21004,1310,66.9,2522,60.9,1042,663,555,0,204,35,4,376,193,94,28,0,439,463,427,308,230,20,67,163,146,96,14,53,740996,648958,282797,268051,57080,328,9631,82407,47070,2919,13852,49,0,702836,280528,37955,152368,20896,156534,0,146178,878,4303,1837,276,15089,5633,295,0,3301,616,22631,1161
Ивановская обл.,2023,22,21,1,0,12,12,12,18,1126929,34437,948291,33546,895962,73799,38191,0,1658,1031134,34437,948291,33546,885359,27758,33525,0,850,40917,42430,188,95753,10603,46041,4666,0,808,4497,12,2,22,13,22,19,966778,322299,285614,311188,8.82,34999,12618,3109,59,11,20,18,2,53,2,4,9,7,10,6,21,13,32,0,0,2,2,18741,6.23,234,0,5817,9749,30632,6390,1521,4041,389,563.8,320.2,122.1,65,243.6,57.9,52.8,34.2,17927,624,58.6,1026,24.8,647.2,428,391,34,140,65,15,158,230,40,12,0,523,735,506,257,196,10,47,106,128,221,17,45,489220,390207,244453,56595,19218,0,4604,94409,43415,435,38806,486,0,473144,256920,29827,149723,17777,37896,362,34926,53,3842,766,726,14976,8818,971,200,2517,200,27031,479
Калужская обл.,2023,39,12,25,2,12,11,11,24,500857,26830,227905,32897,145949,25468,110948,85,15,314196,26830,227905,32897,140618,25468,77635,85,15,30912,38193,323,186436,5331,0,33313,0,0,13608,12,7,37,32,37,14,207059,167548,160226,194377,949.63,53121,21376,3017,87,18,14,36,0,75,1,11,18,28,33,4,6,3,3,3,5,0,0,29160,3.26,12415,0,2484,2069,45179,6837,835,5864,48,1185.4,824.4,358.9,269.1,361,203.7,165.4,604.2,24082,971,627.1,5763,153.7,1966.2,862,752,19,165,32,10,321,424,117,25,0,506,682,493,346,209,7,59,206,142,143,15,86,962116,708566,458384,200766,43517,0,61784,191766,145727,693,44805,541,0,930883,383010,77560,238120,43185,240535,2201,48442,349,2247,1818,568,18429,1503,2576,49,5516,321,28021,1200
Костромская обл.,2023,30,20,9,1,13,13,4,24,698155,27735,478286,2928,426302,237557,17065,1513,54,498853,27735,478286,2928,426302,53702,7114,1513,54,27410,53962,241,199302,0,183855,9951,0,0,3206,13,2,27,13,24,15,324408,228068,36923,184276,281.1,35200,15570,5912,113,43,29,71,5,105,3,5,4,2,8,2,4,18,51,3,12,16,19,21027,21.31,4061,0,5042,2300,20016,4713,2235,449,0,639.5,485.4,106.4,85.9,154.1,31,37.6,422.6,18807,631,42.9,3931,74.3,756.7,588,443,2,129,13,4,271,220,97,19,0,541,599,538,269,180,11,61,130,184,218,14,295,455371,344869,271171,51257,17,1774,30285,80217,68510,3312,8231,95,0,406490,233078,23406,121452,7230,7057,6659,38217,2064,3466,352,352,10951,8965,1108,773,625,451,40727,1459
Курская обл.,2023,38,4,34,0,4,4,4,29,700280,11843,553614,23081,285314,267191,35201,0,252,576695,11843,553614,23081,285314,266739,23081,0,252,86857,27582,218,123529,0,452,12120,0,0,8589,4,4,37,7,36,33,332663,295245,257341,482388,53.45,28769,7835,1484,61,5,12,7,0,57,2,2,7,5,25,9,30,3,4,0,0,0,0,3461,3.66,1256,0.18,21,213,12740,395,395,0,0,594.4,248.3,150.2,117.8,346.1,216.4,241.8,23.1,20524,1017,54.7,3331,69.3,718.4,454,436,9,155,4,7,327,99,28,10,0,439,471,439,287,235,10,41,128,128,173,42,20,501400,441349,335826,962,0,0,30612,29439,27008,435,1001,275,0,457079,255916,3030,186828,2390,11419,76,4253,0,405,144,81,917,556,91,91,535,0,20239,640
Липецкая обл.,2023,27,5,14,8,15,10,7,15,510413,11661,198520,297,147772,28074,57657,0,162,253157,11661,198520,297,144019,28074,20243,0,119,58151,4822,42,250930,525,0,37321,0,43,16433,15,2,24,9,21,12,116807,94190,87291,106789,25.47,19005,10379,1147,44,6,14,8,9,39,1,4,9,8,10,3,4,17,17,2,2,8,8,5788,6.17,4766,0,1917,785,10676,1353,74,1154,0,222.1,116.8,30.6,47.9,105.3,20.8,49.6,133.2,7869,675,74,1259,39.2,335.3,524,445,15,146,34,10,251,147,126,13,0,290,294,235,155,137,7,18,56,52,89,15,59,314867,280611,195480,63745,18487,0,18449,15807,8601,4091,3012,9,0,257825,134390,3866,80758,939,5495,0,15974,3,2135,7791,60,6810,759,0,0,136,0,8152,236
Московская обл.,2023,111,69,18,24,69,66,64,94,2864943,38982,1453689,371147,1067349,290105,372959,326,1459,1995964,38982,1453689,371147,970985,156635,281376,326,647,257004,66756,510,864928,96364,133153,91583,0,812,37749,69,24,104,62,104,82,1447120,1312908,1152772,1335900,3569.97,345797,145238,26055,558,92,73,166,44,521,11,26,80,96,154,155,283,57,114,27,40,6,14,159185,179.75,30862,50.65,59012,44366,181833,24844,9543,5847,568,7335.1,5517.3,1698.7,1342.3,1817.8,774.3,741.3,875.8,120875,3260,1572.1,10096,270.4,9177.6,1913,1661,30,1017,170,34,730,936,247,88,0,3709,4230,3627,2334,1713,59,476,1124,1259,1222,85,546,8533176,6784007,5756395,588391,295639,12733,205963,1543206,1244074,107010,130582,12521,0,7287079,3160649,655287,1849578,197221,687001,663,108383,2607,26587,4811,3508,171174,28855,10277,4244,18602,9096,373613,25051
Орловская обл.,2023,19,12,7,0,7,7,5,10,405429,6560,151792,36291,202247,66019,13834,0,0,285966,6560,151792,36291,198081,66019,11435,0,0,25558,47602,36,117604,4166,0,2399,0,0,7192,7,2,14,4,13,7,263291,164774,89725,186601,95.18,20882,8435,1580,54,17,9,10,3,53,1,0,0,0,7,12,43,6,6,2,12,2,2,2738,0.11,0,0,2624,0,17388,336,37,280,0,282.2,201.7,101,67.5,80.5,27.6,44.4,258.1,9901,1040,67.1,1319,44.7,394,383,370,12,84,27,0,175,100,108,29,0,438,461,434,267,195,6,72,95,131,206,14,51,433309,382009,290988,85696,5324,0,20053,31247,15579,398,15269,0,0,395802,261121,7404,174886,1129,5831,21,33916,354,1616,23,23,24246,336,625,65,338,11,4027,29
Рязанская обл.,2023,29,28,1,0,22,21,21,28,604336,30524,344902,64516,378932,54796,26704,0,57,419861,30524,344902,64516,322871,24237,21667,0,9,51509,7960,132,179987,54160,28898,4393,0,48,15702,22,6,28,7,28,27,402631,313601,161165,338029,272.34,80879,25747,3815,127,27,20,24,5,118,0,9,17,14,43,19,40,9,32,5,5,1,2,52370,38.55,2900,7.47,18650,8145,63871,4591,2364,365,0,1239.4,863.2,206.5,190.5,376.2,81.8,110.6,127.7,36032,886,139.8,3975,116.8,1496,1142,1036,1,78,7,3,451,381,310,39,0,720,815,714,455,326,9,99,217,238,259,20,24,1270488,1038250,616044,390851,31353,0,90612,141626,96084,4653,40467,1140,0,1064984,447049,45352,287843,18985,134493,21403,174191,304,3365,1201,0,6915,3993,2466,0,3676,609,51291,3699
Смоленская обл.,2023,39,28,11,0,24,17,13,25,970682,46986,520839,52766,419326,3405,21110,0,805,583358,46986,520839,52766,365907,3405,14722,0,630,47476,219373,118,387067,53162,0,6388,0,175,18989,24,5,33,7,36,31,713102,478618,23729,397756,1099.37,40742,16154,3884,115,40,24,29,3,78,6,31,22,19,37,7,11,16,26,5,11,6,11,7112,15.46,2005,0.1,9330,382,26398,1883,116,1604,0,706.4,530.2,265.8,114.6,176.2,60.1,68.2,280.7,15969,1757,146.4,3702,91.2,944,592,571,24,237,25,7,309,142,141,28,6,665,790,649,417,271,15,100,244,202,182,18,36,687734,598798,548571,27745,13737,0,20152,68784,36574,4665,26785,266,0,685111,394060,15434,217327,6934,28572,130,29794,247,6768,565,60,8877,1596,12353,130,563,152,38067,1855
Тамбовская обл.,2023,41,26,10,5,13,9,9,29,412111,9727,142797,15871,138353,36353,48128,0,1872,275136,9727,142797,15871,128814,36140,35512,0,1853,112619,5722,24,136895,9539,213,12616,0,19,22314,13,8,34,19,32,21,63267,25724,15640,191946,154.11,27210,13263,1734,67,4,28,6,1,52,7,8,17,20,20,23,59,13,23,1,2,5,11,11299,23.8,488,0.76,2712,1901,21538,1813,557,831,0,595.2,317,109.3,127.9,278.2,65.5,119.3,86.1,20720,1622,661,2835,118.1,1374.3,911,696,32,383,127,20,575,180,156,30,1,378,390,370,258,182,11,64,99,105,160,12,146,385617,288250,164696,39632,0,183,56949,40418,21406,940,17373,184,0,379379,194297,9993,99635,5085,39925,63,39462,364,5184,190,15,7489,451,5,0,2355,17,2010,8
Тверская обл.,2023,50,13,37,0,31,30,27,32,1109084,38042,244077,0,601649,364242,20208,0,180,670019,38042,244077,0,571299,80593,12581,0,180,40263,126837,216,438984,30350,283649,7627,0,0,14688,31,3,42,9,49,44,672042,464407,352481,353652,90.57,67633,19943,5277,168,35,55,41,27,155,8,5,7,8,9,18,51,19,57,1,3,3,4,21976,50.45,5586,0,7421,6641,32648,1605,341,1114,0,899.4,632.6,339.9,162.9,266.8,155.4,122.4,635.4,18183,1670,89.2,5712,90.8,1079.4,503,448,6,129,13,2,193,231,79,11,0,785,842,767,363,236,7,70,219,254,278,25,405,810051,706649,533862,119237,33649,0,12438,90964,82184,2059,6010,575,0,781893,379622,19200,241835,13128,3655,411,28668,150,7080,1923,1923,11203,3963,142,107,3143,891,35893,9204
Тульская обл.,2023,52,28,23,1,22,19,18,33,634739,19069,348035,89104,290442,56249,50907,9437,289,459091,19069,348035,89104,258419,53377,36287,9437,259,81390,45864,629,171032,28367,2872,14620,0,30,15596,22,11,50,36,49,43,394400,380411,323941,375613,5899.67,129493,39765,5906,292,75,30,62,5,282,5,5,45,41,32,27,92,34,45,12,52,5,5,39414,53.06,18628,17.82,5136,4421,89910,12127,1545,9500,179,2223.9,1429.2,778.8,322.5,794.7,340.2,337,246.1,68374,1637,612.2,13736,281.3,3117.4,1573,1392,48,235,53,16,631,577,365,66,3,1899,2253,1830,1054,678,34,332,461,643,711,75,164,3004182,2208180,1116930,139626,432454,0,42954,753048,406120,9003,299722,24967,0,2822223,1334645,217845,639253,77667,136371,7282,108174,2276,47862,7689,4447,54558,16514,7935,252,12676,8374,167938,25275
Ярославская обл.,2023,25,12,6,7,12,11,11,19,1143431,79934,793299,39179,749567,150741,71699,27045,13560,874806,79934,793299,39179,647184,140136,42339,27045,4756,84848,126049,587,268602,102383,10582,29360,0,8804,6353,12,5,21,9,22,15,1004131,781986,577144,691523,82.49,99013,28984,9045,252,125,31,95,18,220,21,11,15,53,32,21,74,13,53,5,11,1,2,18489,23.08,5280,0.01,4886,1201,47452,3567,1325,1658,115,3657.1,2738.2,773.9,378,918.9,185.4,208.3,780.9,63120,5442,159.6,2495,53.5,3870.2,464,332,11,171,21,6,231,164,69,13,0,1168,1255,1121,586,397,28,145,374,305,432,31,226,1268323,817007,720254,78760,16864,0,37679,413637,368415,3295,41816,9556,0,1230070,643035,134853,337922,71004,114441,35939,51891,9,25029,11330,10743,44498,14249,3810,2125,5464,4079,45398,11296
г.Москва,2023,97,69,3,25,86,81,74,79,17263680,911977,13902698,0,13060463,906735,2371,5560,381,14588413,911977,13902698,0,12225078,905501,1806,5060,369,378746,2147775,10102,2670856,834049,1234,565,500,12,30052,86,32,92,63,90,55,15329282,11500885,7175031,9718059,1151.38,1024908.9,258365.98,96997.96,798,263,82,237,19,688,45,65,125,160,138,612,1425,214,354,120,320,47,123,486255.44,153.06,432583.6,15.61,321131.22,277440.42,626709.03,276349.53,57959.93,79751.16,2962.52,16488.9,13856,6487,3451.8,2632.9,1371.4,1396.2,10049.2,192153,7765,2518.5,26681,745.8,19753.2,2635,2157,92,425,35,39,702,955,978,473,61,12239,13043,11700,7414,6012,554,889,3644,3918,4096,316,977,32026310,24582279,18187310,3348261,0,139460,7322,7436709,4915277,528798,1794972,322392,0,32540972,19629187,6116956,9597067,1964351,2544479,55192,753577,7955,194691,124512,93011,1433241,408336,103331,22780,189063,85900,1016811,142813
Северо-Западный федеральный округ,2023,344,196,113,35,250,222,211,250,21809248,1102624,13387302,486391,14341432,843469,594093,7477,7980,17191511,1102624,13387302,486391,12880448,562043,441205,6594,7945,884127,1020097,13233,4607660,1459058,281134,152790,883,35,106307,250,75,322,127,324,202,16596147,10644949,7132871,8504119,108712.75,1553480,465618,171287,2407,1017,321,661,177,2075,84,248,170,281,312,655,1789,310,935,77,379,67,360,606791,1629.93,449345,3522.18,448198,387111,1066268,305646,85382,83524,38205,39094.4,28994.3,8663.2,5014.5,10100.1,3015.4,3072.3,14946,703644,14707,2589.2,42621,1194.2,42877.8,7662,6514,202,2120,293,93,3390,2216,2056,454,27,18110,19337,17589,12009,8228,621,2364,4607,5243,7643,655,1309,34902236,22181404,17043918,3096907,1324872,17833,322354,12398472,10315108,740847,1141505,220890,6,33077153,18230653,6125344,12511495,3970015,3394058,683701,1217503,24228,532749,273477,197346,879391,374065,182584,67892,237871,90773,1100383,180107
Респ. Карелия,2023,20,13,3,4,7,6,5,15,446006,5857,271934,28377,177104,12674,26154,0,585,341042,5857,271934,28377,177104,6039,14105,0,561,27659,29506,526,104773,0,6635,12049,0,24,3687,7,8,20,16,20,10,281746,194316,136726,221427,308.14,56843,10998,6112,215,31,70,28,0,208,6,1,7,6,10,10,24,10,20,5,13,5,16,11457,9.04,8678,213.7,4661,3070,47638,2430,1674,299,0,689.3,440.3,115.7,109.1,249,63.8,61.3,176.4,16420,3164,126.1,1974,58.5,873.9,306,224,11,122,24,2,137,94,75,4,0,512,550,502,339,254,13,65,158,137,200,12,24,884472,596212,495900,92839,2382,0,25232,263022,215254,91,47677,9050,6,887124,496300,110317,274493,42934,63228,3218,34300,1798,6296,752,50,6707,3750,655,57,2757,535,32240,2092
Респ. Коми,2023,38,22,10,6,33,31,29,32,1647825,3658,853657,189241,228020,14925,130262,0,6630,1202347,3658,853657,189241,228020,14925,103481,0,6628,117003,14895,71,443049,0,0,26781,0,2,17579,33,8,34,12,35,29,533171,474520,335372,399019,18.55,29438,13870,4418,74,1,21,18,2,61,5,8,11,11,18,17,37,2,5,1,2,0,0,5096,4.43,3267,0.05,456,259,20907,1819,694,841,226,323,155.1,59.6,56.6,167.9,37.7,104.6,127.6,13934,1154,76.2,4022,72.8,472,1361,1141,59,214,32,32,700,281,380,17,4,369,369,356,289,201,1,61,83,124,144,15,50,435283,356808,295688,48782,1352,450,60921,17554,11193,4054,2172,139,0,436006,305036,1088,241540,1185,16922,83,9628,301,1554,1368,103,3784,1793,249,14,3993,3137,14493,591
Архангельская обл.,2023,30,21,7,2,23,21,20,28,903401,25868,513654,35207,356871,126981,119158,0,0,618094,25868,513654,35207,344277,122590,83479,0,0,52264,54892,437,284780,12594,4391,35581,0,0,3636,23,8,29,13,29,20,600454,472125,369942,455806,102902.87,121903,21959,8425,356,160,54,115,32,318,6,32,24,29,27,16,50,6,15,4,38,3,40,23596,1281.31,7428,3020,5849,1868,44669,2968,2439,422,16,1185.1,878.1,396.1,317.4,307,70.4,133.4,45.2,22415,787,259.5,3083,59.1,1503.7,433,350,16,157,18,4,249,111,73,12,0,950,1088,942,580,334,7,163,318,276,335,21,54,1438359,1224720,1037439,149280,1939,190,10426,203213,136458,10648,46013,249,0,1436586,822584,45089,487398,23457,124414,1657,110709,398,18758,9089,1254,52865,12256,9025,647,3257,1154,26541,1005
Вологодская обл.,2023,46,28,18,0,34,34,34,34,1665059,97782,887314,158027,703389,136226,184232,0,232,1060202,97782,887314,158027,686626,127501,159814,0,232,103155,118610,240,602022,16763,8725,24418,0,0,16000,34,6,42,12,41,28,1118450,864384,529320,772558,199.56,104784,50360,11682,270,86,22,101,12,231,10,29,5,31,22,9,23,22,54,8,26,0,0,23811,23.91,7424,0.02,10531,10268,69654,1558,874,684,0,1345.1,846.6,372.8,170.8,498.5,223.4,225.3,228.9,37838,651,116.6,3411,51.4,1513.1,796,716,24,241,13,8,367,272,157,15,1,923,932,895,670,403,7,187,220,266,409,42,186,1332261,996367,704027,179097,113240,0,94244,241650,205814,21207,14490,362,0,1182612,604999,89457,417289,57303,214270,5516,83114,1609,15333,8002,3292,20823,5364,2977,378,3057,820,43464,2856
Калининградская обл.,2023,20,15,3,2,16,15,14,14,383334,3906,264835,10818,216639,106887,1498,436,141,303382,3906,264835,10818,192406,69734,1498,436,141,35667,8434,113,79659,24233,36861,0,0,0,6724,16,4,19,12,19,14,342012,308618,271065,267842,33.78,63027,22740,2972,63,14,18,23,4,54,3,6,2,3,15,17,44,11,21,1,4,18,21,36365,12.47,16259,0.29,8535,4480,39772,7017,667,5442,340,2394.4,2072.6,415.1,387.3,321.8,32.7,78.4,390.4,32149,1306,188.8,2724,55.7,2638.9,765,632,1,219,108,3,282,258,225,20,14,641,651,632,447,303,21,77,241,244,145,16,60,1070143,636128,414424,172013,35761,7529,0,434015,340791,17085,67857,6873,0,1073382,467114,202877,254417,113231,82092,838,60652,1759,28445,43513,25354,66980,16524,910,285,11003,9299,23470,5167
Ленинградская обл.,2023,43,12,31,0,33,33,32,33,727232,6443,517614,6330,394310,221156,16997,0,22,551012,6443,517614,6330,394310,81893,13089,0,22,22686,39365,18,176220,0,139263,3908,0,0,2719,33,6,41,8,41,11,662220,591996,451030,474855,341.85,68748,19026,4375,248,128,35,54,76,120,13,115,10,29,19,16,44,8,17,1,2,0,1,19469,71.48,3126,3,4563,3407,31735,2502,990,1512,0,1721,1269.3,337.1,213.4,451.7,162.2,148.2,428.5,27917,687,157,3339,190.7,2068.7,453,355,3,99,8,0,147,185,121,8,0,781,835,765,376,208,13,93,298,267,171,34,43,1169400,844085,613312,223415,0,0,2976,322339,265320,68,56460,6680,0,1004415,529010,121323,345332,61507,39410,629,47663,60,12277,427,227,8750,1303,0,0,2054,120,52557,10274
Мурманская обл.,2023,15,13,2,0,10,10,10,12,372279,2007,170315,49809,139145,7434,91756,0,39,221352,2007,170315,49809,139145,7434,48433,0,30,22066,1423,12,150783,0,0,43323,0,9,8106,10,4,13,5,13,11,181352,147199,127939,138480,13.16,23230,9995,1789,30,0,6,4,0,18,6,6,5,4,7,3,11,8,14,1,5,5,16,12640,12.34,3312,0.2,11473,385,23165,756,756,0,0,355.1,247.9,136.2,84.7,107.2,30.3,47.4,86.9,7368,310,52,3687,59.8,466.9,633,607,39,82,6,9,185,264,184,6,0,255,268,254,222,137,4,60,57,61,135,4,58,541786,427513,279786,143359,0,0,87798,26475,12558,3582,10335,109,0,482863,298941,27063,251979,2714,800,0,27270,232,1917,2115,50,17323,154,818,0,2462,92,9875,46
Новгородская обл.,2023,22,12,8,2,11,5,5,11,981390,92086,520633,593,926709,0,7582,6621,262,548929,92086,520633,593,513474,0,5403,5738,262,32997,45444,521,430755,411529,0,2179,883,0,4378,11,3,19,10,20,14,945775,375035,269715,492614,127.05,57124,19024,4387,151,80,20,21,4,146,3,2,41,35,30,11,27,3,7,9,47,1,1,2900,47.8,2319,0,4985,196,32749,3987,3143,757,6,1262.2,671.6,571.5,88,590.6,468.7,107.2,172.3,31421,532,60,5247,112.7,1434.9,415,370,29,206,53,11,186,120,109,16,0,622,637,616,500,278,12,60,184,152,278,21,472,963227,669151,422093,210747,0,746,16512,277564,215437,52491,6927,2042,0,786781,449611,120237,238280,93988,202328,9898,59560,1725,13442,3064,3064,21829,9686,4702,3948,2764,0,13613,2696
Псковская обл.,2023,22,12,7,3,12,6,5,10,892912,50377,659920,7989,821267,0,16341,0,0,696024,50377,659920,7989,661784,0,11806,0,0,43106,322585,516,196888,159483,0,4535,0,0,16584,12,4,20,10,21,10,556481,484811,441676,485428,1312.93,58616,16329,3809,241,99,15,50,3,241,0,0,5,6,8,31,131,8,32,3,3,10,79,14922,62.94,993,0,11973,7334,31700,1534,640,574,0,1876.9,1463.7,473.2,236.7,413.2,191.6,93.3,220.3,40065,416,131.5,3683,66.5,2074.9,413,357,2,121,4,1,264,89,60,22,0,951,1082,971,538,328,9,104,376,183,381,22,22,1027476,777490,698981,74686,1670,0,9720,240266,200883,2737,20171,3777,0,1030392,522543,78001,315728,42384,34086,1626,70231,14167,13483,5382,673,28863,7533,2675,1342,8476,1277,31606,10417
Ненецкий а.о.,2023,2,1,1,0,2,2,2,2,56352,286,18854,0,9355,46997,0,0,0,18854,286,18854,0,9355,9499,0,0,0,1718,235,16,37498,0,37498,0,0,0,532,2,2,2,2,2,2,11909,11756,10666,12048,626.8,4771,1443,320,12,0,3,2,1,9,3,0,0,0,1,1,2,0,0,0,0,0,0,1317,0.3,983,0,1503,1503,3928,320,320,0,0,18.3,9.6,0.2,2.8,8.7,0.2,3.9,13.9,963,69,5.3,247,3.4,27,43,33,0,8,0,0,41,0,2,1,0,63,66,63,55,38,1,16,17,18,28,2,2,98257,91457,82229,9228,0,0,0,6800,1610,4851,339,0,0,96457,74624,67,33562,67,0,0,4321,227,94,0,0,0,0,0,0,0,0,0,0
г.Санкт-Петербург,2023,86,47,23,16,69,59,55,59,13733458,814354,8708572,0,10368623,170189,113,420,69,11630273,814354,8708572,0,9533947,122428,97,420,69,425806,384708,10763,2101233,834456,47761,16,0,0,26362,69,22,83,27,83,53,11362577,6720189,4189420,4784042,2828.06,964996,279874,122998,747,418,57,245,43,669,29,49,60,127,155,524,1396,232,750,44,239,25,186,455218,103.91,395556,284.92,383669,354341,720351,280755,73185,72993,37617,27924,20939.5,5785.7,3347.7,6984.5,1734.4,2069.3,13055.6,473154,5631,1416.2,11204,463.6,29803.8,2044,1729,18,651,27,23,832,542,670,333,8,12043,12859,11593,7993,5744,533,1478,2655,3515,5417,466,338,25941572,15561473,12000039,1793461,1168528,8918,14525,10365574,8709790,624033,869064,191609,0,24660535,13659891,5329825,9651477,3531245,2616508,660236,710055,1952,421150,199765,163279,651467,315702,160573,61221,198048,74339,852524,144963
Южный федеральный округ,2023,239,187,34,18,111,103,103,193,7869099,152960,4303651,858125,2453921,2177840,337309,67,19486,5538333,152960,4303651,858125,2366961,1550656,247330,67,15513,723272,364028,4641,2316039,86960,619406,89881,0,3973,141217,111,50,227,78,228,160,4201204,3489739,2580147,3576825,3141.94,484220,137577,31736,1460,208,257,568,85,1377,26,57,151,145,211,152,562,123,284,22,48,16,49,134020,321.11,34598,121.56,58986,37607,232077,38530,12963,16961,1084,11155.1,7922.3,2676.1,2720.4,3232.8,927.1,1396.8,2616.3,241105,7512,1927,27288,1027.5,14109.6,5736,4729,124,1219,157,59,3341,1553,842,76,7,6334,7284,6173,3576,2654,129,610,1769,2329,2040,263,822,6486968,5178875,4141840,809008,49297,2680,113643,1194450,890473,175977,121337,6089,0,6181216,3632361,478286,1987016,209676,547848,10403,352377,5328,73662,9312,3475,111122,35778,80312,47750,33940,9247,285057,26497
Респ. Адыгея,2023,9,8,1,0,4,4,4,8,412147,3044,223941,0,190435,0,4488,0,1483,276841,3044,223941,0,190435,0,2264,0,1055,33041,38275,2,135306,0,0,2224,0,428,4321,4,3,8,4,9,6,237714,171069,39761,186476,2.6,12758,4946,2440,19,0,3,2,0,17,0,2,7,1,9,1,4,3,7,1,4,0,0,4750,2.58,7737,0.5,5121,6818,12026,2391,2207,37,122,143.5,73.3,21.6,38.5,70.2,18.2,36.7,16.7,3732,431,44.4,413,13.3,201.2,210,112,0,31,11,1,135,27,48,3,0,191,194,182,130,103,5,24,62,34,86,6,1,152454,134221,104611,27438,0,300,11638,6595,25,0,5238,0,0,139558,79160,1058,61020,158,0,0,32102,0,1062,350,0,605,55,0,0,883,6,4589,0
Респ. Калмыкия,2023,4,1,2,1,2,1,1,1,87437,4719,53637,0,0,0,0,0,0,53681,4719,53637,0,0,0,0,0,0,14121,925,15,33756,0,0,0,0,0,2408,2,3,4,1,3,1,34283,33192,33192,35351,4.64,4835,2013,978,10,1,3,3,1,8,2,0,1,1,1,6,12,1,1,0,0,0,0,1600,0.64,0,0,0,0,3887,2572,450,1600,0,50.5,18.2,6,12.7,32.3,4.4,16.4,9.1,1296,29,9,42,14.7,74.2,43,37,2,14,2,1,23,13,7,5,0,70,70,67,39,33,1,6,16,21,29,2,5,48453,43484,34306,9178,0,0,0,4969,0,0,4969,0,0,19884,19844,964,18880,0,0,0,0,0,0,0,0,0,0,0,0,0,0,0,0
Респ. Крым,2023,41,34,1,6,27,27,27,36,1484912,22054,675238,306413,224,920023,47519,0,182,1043139,22054,675238,306413,0,891920,32524,0,110,95017,97105,804,439246,224,27467,14897,0,72,15662,27,7,40,15,34,28,689297,598381,485933,619538,1249.62,140600,24637,6163,750,109,100,350,62,739,10,1,35,39,35,32,129,45,117,3,10,0,0,22475,56.21,8890,28,22613,10174,38209,3669,1483,1543,38,1805.8,975.9,673,289.6,829.9,396.6,229.9,105.2,54685,1989,130.5,2806,74,2010.3,1211,1068,1,258,26,2,737,381,93,9,0,1453,1830,1434,844,602,17,179,357,643,431,76,165,1234008,830876,725613,70478,3338,1000,9267,393865,227663,129760,33747,2924,0,1152396,752378,171656,352362,52377,71124,0,57295,1584,4742,3065,249,8052,2683,832,111,9216,400,62901,10877
Краснодарский край,2023,66,54,8,4,20,15,15,54,2024769,22007,989778,451044,669034,131241,75697,0,194,1446590,22007,989778,451044,668972,131241,72216,0,179,173653,40764,1585,576751,62,0,3481,0,15,38605,20,9,62,16,66,54,721924,575303,551456,1026970,189.41,132673,39660,7084,153,4,41,40,0,134,8,11,35,25,53,25,76,25,63,0,0,2,5,34213,139.88,6546,90.44,16796,11449,49350,15654,2646,9124,442,2143.3,1461.5,503.1,629.4,681.8,196.9,371.8,77.3,68706,2285,589.3,7614,315.9,3048.5,1898,1603,5,215,19,5,1231,484,183,6,1,1282,1364,1252,811,623,29,122,435,439,377,49,139,1186443,996134,817977,91839,14845,1258,37955,152354,144533,2264,5554,1043,0,1199237,805195,88149,513396,51521,98485,3812,54062,2120,6279,199,34,23540,19630,11096,296,1445,352,54314,1139
Астраханская обл.,2023,19,3,16,0,2,2,2,3,338020,19294,255349,0,178187,71035,0,0,0,256544,19294,255349,0,178187,71035,0,0,0,19060,40963,250,81257,0,0,0,0,0,4476,2,4,16,6,18,5,258836,249642,197955,201706,763.75,14581,8264,1137,31,14,8,5,1,13,1,17,15,15,12,4,16,9,25,0,0,0,0,8330,8.81,0,0,0,1708,12898,1731,31,0,0,395.2,309.3,23.1,43.1,85.9,9.4,23.3,144,8536,101,4.7,4897,81.6,481.5,262,227,0,132,26,0,163,86,13,2,0,282,325,270,158,137,3,17,73,95,102,9,32,270245,221823,192906,25643,0,0,6028,42394,28601,5372,8421,472,0,271368,163313,12300,95734,7075,0,0,24201,273,5441,0,0,8612,523,2577,1760,884,831,26562,204
Волгоградская обл.,2023,46,37,5,4,6,4,4,40,840457,16849,338277,5033,203979,36419,60757,0,3552,580685,16849,338277,5033,132339,36419,44375,0,2165,176934,25887,156,259749,71640,0,16382,0,1387,36359,6,3,45,12,46,21,188433,168565,156253,260203,294.5,69873,20545,3327,104,25,14,14,14,97,3,4,12,20,33,16,82,9,12,6,7,11,40,17593,11.85,2553,0,3141,3531,39452,3984,1112,2199,175,4040.4,3368,991.1,1044.5,672.4,99.6,217.2,1994.2,46535,2066,653.8,4691,183.8,4878,967,735,14,296,28,1,452,220,295,29,4,803,845,786,555,401,22,117,192,288,301,27,156,883166,535677,477134,20516,1327,0,43240,304249,257205,27092,17456,896,0,739577,408142,41875,231279,17255,13312,1585,67247,231,40005,3221,2862,23349,7101,45354,45008,5131,774,17448,4646
Ростовская обл.,2023,48,45,,3,45,45,45,46,2135481,61321,1349112,95635,939198,1006992,148848,67,14075,1447495,61321,1349112,95635,938335,409276,95951,67,12004,204295,44554,835,680775,863,590574,52897,0,2071,38655,45,20,46,20,46,42,1680392,1391859,959245,1048732,176.34,87531,33355,8551,305,50,85,127,4,288,0,17,45,43,61,60,213,23,44,5,17,2,3,39928,48.84,4824,2.62,5252,2978,66492,5441,4195,516,0,1716.5,1076.9,205.6,582.5,639.6,134.6,420.5,162.7,45215,462,316.5,6506,301.3,2334.3,1004,833,102,261,44,49,520,307,177,14,2,1723,2011,1652,718,581,38,117,483,579,589,75,308,1735119,1583710,1155751,364508,29787,122,5515,145894,109565,9989,26203,643,0,1651284,965656,61225,471905,28962,155649,1815,66386,886,10664,2387,330,11309,3615,940,269,7876,4040,74012,2925
г.Севастополь,2023,6,5,1,0,5,5,5,5,545876,3672,418319,0,272864,12130,0,0,0,433358,3672,418319,0,258693,10765,0,0,0,7151,75555,994,109199,14171,1365,0,0,0,731,5,1,6,4,6,3,390325,301728,156352,197849,461.08,21369,4157,2056,88,5,3,27,3,81,2,5,1,1,7,8,30,8,15,7,10,1,1,5131,52.3,4048,0,6063,949,9763,3088,839,1942,307,859.9,639.2,252.6,80.1,220.7,67.4,81,107.1,12400,149,178.8,319,42.9,1081.6,141,114,0,12,1,0,80,35,26,8,0,530,645,530,321,174,14,28,151,230,125,19,16,977080,832950,633542,199408,0,0,0,144130,122881,1500,19749,111,0,1007912,438673,101059,242440,52328,209278,3191,51084,234,5469,90,0,35655,2171,19513,306,8505,2844,45231,6706
Северо-Кавказский федеральный округ,2023,156,72,76,8,61,51,42,70,2084895,20977,1023320,22714,722379,361914,167896,1933,10827,1604596,20977,1023320,22714,677287,342318,161105,1933,10588,251753,125067,3621,479718,45077,19550,6791,0,239,36046,61,24,113,44,110,60,925175,688153,604453,885928,298339.29,113358,58120,9018,1215,201,481,450,176,1100,16,99,63,65,93,101,175,32,68,12,38,16,20,44781,70.11,12849,0.19,19289,9564,82946,25474,2140,17951,664,3114.4,1804.7,497.1,557.8,1309.7,227.2,501.5,600.8,72282,3617,453.1,9036,404.8,3972.3,3438,3070,85,1105,322,16,1888,667,883,54,6,2367,2490,2279,1414,1023,48,240,680,784,751,105,148,1850091,1596089,1173064,113187,214388,7782,50661,203341,166679,2969,20670,3642,0,1806631,995072,64038,644443,33575,281986,8445,68230,881,20231,14122,7189,52141,11443,2257,7,5187,1759,50818,11439
Респ. Дагестан,2023,48,14,33,1,7,3,3,7,237277,13356,118637,886,97775,97166,94898,0,0,184007,13356,118637,886,96660,96352,94661,0,0,78444,6686,3579,52949,1100,768,237,0,0,11760,7,6,20,11,16,6,28102,26423,24237,114481,21.57,23436,14460,2279,95,28,18,22,6,39,4,52,32,33,35,65,83,9,9,3,9,12,16,9736,1.31,1810,0.09,4844,1683,18632,4646,624,2887,502,588.2,260.3,21.2,79.7,327.9,16.5,113.1,172.1,25524,447,87.2,1617,51.7,727.1,811,735,0,364,30,0,443,80,288,26,4,690,703,673,428,296,9,111,150,246,247,32,10,407927,304671,257294,23238,0,3274,19579,83677,74532,629,6748,1768,0,392762,250458,22608,171930,16242,20785,8290,32046,30,14595,6037,1037,5201,1760,350,0,1382,984,11084,10097
Респ. Ингушетия,2023,8,5,3,0,5,5,5,5,41528,1404,16849,0,0,550,0,0,0,28437,1404,16849,0,0,550,0,0,0,11811,1670,20,13091,0,0,0,0,0,6458,5,2,5,1,5,1,26520,24730,19572,19572,64245.97,3185,1572,249,8,0,2,1,0,7,0,1,0,0,1,8,16,0,0,0,0,0,0,811,44.3,0,0,30,0,2688,0,0,0,0,362.5,293.8,6.9,6.7,68.7,3.5,42.8,7.3,2780,349,10.6,85,4.4,377.5,315,276,1,50,37,0,233,33,49,6,0,175,169,166,110,70,3,21,47,46,70,4,0,95837,93451,81297,0,0,0,0,2386,355,1170,861,0,0,96258,67375,1084,48166,319,0,0,0,0,0,5382,5382,0,0,0,0,0,0,0,0
Кабардино-Балкарская Респ.,2023,19,5,10,4,2,1,1,7,210625,403,144400,1746,155140,26511,4492,1933,0,160767,403,144400,1746,120024,19282,3808,1933,0,22074,870,0,49858,35116,7229,684,0,0,2147,2,2,13,4,17,5,28220,2892,2892,11441,8.26,7198,4394,818,27,2,2,5,0,12,3,12,2,2,4,3,5,1,3,0,0,1,1,3102,3.07,0,0,824,622,2303,1555,335,1021,0,339.3,109.8,40.9,28.4,229.5,25.8,38.7,76.9,5986,376,66.4,488,116.5,522.2,368,321,2,182,64,0,166,76,126,12,0,143,160,138,83,71,3,6,27,41,69,5,19,97680,88911,70883,0,0,0,6379,2390,1916,0,0,0,0,97343,50874,1180,35311,620,18928,0,5001,580,86,80,0,2749,0,0,0,898,0,1490,0
Карачаево-Черкесская Респ.,2023,10,3,6,1,1,1,0,1,130076,30,2832,0,0,0,12012,0,0,80854,30,2832,0,0,0,10658,0,0,5341,1218,2,49222,0,0,1354,0,0,663,1,3,9,2,10,6,3068,3068,0,2832,7.95,4032,2199,204,15,8,0,10,1,15,0,0,0,0,3,3,7,1,1,4,4,1,1,1694,6.53,0,0,1388,8,1208,0,0,0,0,60.5,38.3,10.5,19.2,22.2,8.9,16,8.6,1967,59,6.4,336,12.3,79.2,214,172,1,88,77,0,173,24,17,5,0,95,110,93,44,39,0,5,31,31,29,11,0,66140,57739,45143,0,0,0,5784,2617,138,0,2479,0,0,61702,41459,0,36343,537,0,0,1613,0,76,433,0,4717,194,0,0,367,0,1631,0
Респ. Северная Осетия-Алания,2023,17,4,13,0,8,6,2,6,349805,282,66522,0,0,0,7820,0,0,284327,282,66522,0,0,0,7820,0,0,15760,98340,15,65433,0,0,0,0,0,1388,8,3,12,6,11,1,22980,20105,9323,18605,13.4,13447,6290,1317,126,96,11,45,1,125,1,0,7,6,5,10,21,2,3,0,0,0,0,1284,0,257,0,759,0,8808,667,11,587,0,122.5,88.5,11.3,12.8,34,8.2,16.3,31.3,2692,176,15.5,83,7,145,121,117,1,32,21,0,43,61,17,1,1,198,202,192,151,104,3,7,37,50,81,10,1,105858,80762,80738,0,24,0,12214,12882,11105,3,1774,1774,0,104583,55855,1840,42449,1230,9069,0,3005,0,236,211,160,1897,798,599,0,276,106,4132,92
Чеченская Респ.,2023,7,7,,0,1,1,1,6,46792,387,39266,0,0,0,0,0,8,41989,387,39266,0,0,0,0,0,8,5757,527,0,4803,0,0,0,0,0,406,1,0,7,6,7,5,27426,27426,27426,30495,233806.71,15319,4129,1397,861,53,431,346,167,847,6,8,3,2,3,3,16,0,4,3,23,0,0,4638,1.36,0,0,867,62,11638,0,0,0,0,413.6,265.9,73.4,124.2,147.7,21.1,39.1,101.8,3028,163,9.1,1397,28.6,451.3,270,236,0,83,38,0,134,39,97,0,0,371,369,333,156,123,4,29,152,123,58,12,0,465049,441671,203923,21029,210526,500,0,23378,18903,0,6,0,0,459428,170754,1744,83956,626,210526,0,10006,0,550,30,30,7598,5416,1301,0,0,0,7947,0
Ставропольский край,2023,47,34,11,2,37,34,30,38,1068792,5115,634814,20082,469464,237687,48674,0,10819,824215,5115,634814,20082,460603,226134,44158,0,10580,112566,15756,5,244362,8861,11553,4516,0,239,13224,37,8,47,14,44,36,788859,583509,521003,688502,235.43,46741,25076,2754,83,14,17,21,1,55,2,26,19,22,42,9,27,19,48,2,2,2,2,23516,13.54,10782,0.1,10577,7189,37669,18606,1170,13456,162,1227.8,748.1,332.9,286.8,479.7,143.2,235.5,202.8,30305,2047,257.9,5030,184.3,1670,1339,1213,80,306,55,16,696,354,289,4,1,695,777,684,442,320,26,61,236,247,197,31,118,611600,528884,433786,68920,3838,4008,6705,76011,59730,1167,8802,100,0,594555,358297,35582,226288,14001,22678,155,16559,271,4688,1949,580,29979,3275,7,7,2264,669,24534,1250
Приволжский федеральный округ,2023,685,421,187,77,349,328,288,540,12690808,269917,6349259,1516691,4917356,944903,1332392,28782,6657,9082686,269917,6349259,1516691,4442009,621679,931329,26498,5750,1361193,638417,2959,3527557,451181,321197,400368,2284,907,300721,349,90,628,201,614,330,7092838,5456118,4405639,6003745,4683.08,906223,333587,66988,1712,184,473,394,80,1513,81,118,182,218,377,228,593,222,488,25,75,57,105,309052,1093.91,97555,8.39,116299,76062,626277,111603,18862,55199,745,20310.6,13225.2,3587.2,3121.4,7085.4,1995.4,3217.6,6475.3,423078,19394,4008.1,87365,2136,26454.7,17515,15063,303,4466,936,160,9473,3975,4067,270,14,10753,11588,10237,6466,4708,194,1263,3063,3328,3263,310,880,12305438,9176783,6540487,2109813,85402,46652,991562,2137093,1723706,159399,230411,55206,0,11809743,5980791,725671,3826088,424668,1238313,28920,815368,4694,106338,90396,19536,393331,125084,60912,8032,33516,8740,321598,27182
Респ. Башкортостан,2023,109,55,35,19,18,16,16,96,1197953,23385,752573,140419,169559,568,0,0,3180,893890,23385,752573,140419,169559,568,0,0,3135,180271,5641,34,303918,0,0,0,0,45,60569,18,6,101,32,102,58,267954,218120,152284,582565,38.29,57646,30194,4823,128,2,19,26,2,97,25,6,9,4,40,22,57,11,29,0,0,1,1,25193,18.4,2841,0,5413,4723,49328,5057,1147,3346,0,1199.3,543.2,187.3,294.3,656.1,219.5,408.6,520,38586,1843,425.7,8637,234.9,1859.9,2675,2345,98,879,405,25,1406,530,739,29,0,676,699,650,481,390,42,84,204,212,204,16,97,727737,628785,496241,66887,53355,573,27926,71026,57276,225,12445,1200,0,691383,395510,20348,314439,13507,54154,0,52017,1088,7003,3074,1142,3654,1831,76,25,3432,451,8658,1606
Респ. Марий Эл,2023,30,18,10,2,5,4,3,20,448740,2190,151641,49742,269198,72423,116036,0,180,271568,2190,151641,49742,164086,23090,66811,0,100,36563,3132,4,175983,104500,48721,48648,0,80,16401,5,2,20,5,24,12,157396,151894,98784,182551,61.8,39111,12434,1642,56,0,16,15,1,33,1,22,9,5,12,12,26,23,30,3,5,16,30,11553,4.07,1229,0.04,1986,1738,29082,3055,564,2061,0,582.2,262.2,59.9,107,320,35.5,177.9,123.4,17070,1550,139,2554,55.7,776.9,875,763,29,207,17,1,481,243,151,7,0,406,448,402,245,188,4,25,104,106,116,14,23,381159,303445,214454,78328,1718,500,8092,69622,36137,341,18539,1722,0,369590,178907,20766,122435,9878,11537,0,32632,0,5726,65,65,57236,4953,2,2,538,538,6342,375
Респ. Мордовия,2023,25,8,10,7,13,12,12,16,430514,17075,201235,13971,138743,55532,15835,0,0,253594,17075,201235,13971,138743,54639,15835,0,0,31123,7743,25,176920,0,893,0,0,0,12426,13,4,22,4,17,2,160747,140102,120810,140214,8.79,26060,11954,2006,27,0,8,6,0,23,2,2,2,3,8,10,29,4,9,0,0,2,4,12192,0.43,0,0,52,0,24412,668,84,481,1,256.4,162.4,35.2,50.9,94,30.2,58.3,71.8,6968,977,96,1368,61.5,413.9,581,554,0,94,16,2,419,95,67,9,0,307,326,298,178,130,5,34,88,113,96,10,6,248759,207050,177422,1100,0,25379,3489,38220,21874,2134,14212,7131,0,249652,139611,3917,72874,1047,64,0,28727,0,1719,50,0,1100,0,0,0,0,0,761,0
Респ. Татарстан,2023,112,63,44,5,99,97,79,95,2273804,89706,1058044,37605,944418,47972,95961,0,136,1572488,89706,1058044,37605,773031,45458,70545,0,64,243212,192205,1233,629935,148313,2514,25416,0,72,63662,99,18,98,21,92,20,1460644,925984,701441,774911,2995.71,198322,59720,15300,371,67,108,95,14,332,11,28,23,25,73,62,155,42,107,6,27,13,32,51259,376.02,13614,2.25,24069,23807,137193,28713,2828,14713,505,8927,6488.8,1144.2,966.1,2438.2,624.8,717.3,2160.4,128600,4206,1210.3,19588,401.2,10538.5,3182,2667,44,692,115,24,1786,544,852,61,6,2385,2366,2225,1300,999,34,227,722,860,601,90,97,2293273,1603953,1321844,179427,10032,5568,1854,687466,606527,20773,57673,26915,0,2142756,1369885,331920,952280,246454,14749,245,24031,300,9918,51698,6106,65418,24713,18297,92,2696,542,52284,1471
Удмуртская Респ.,2023,42,31,10,1,14,12,11,35,788524,7397,368579,191508,340715,59681,33565,0,7,574417,7397,368579,191508,278331,55997,25022,0,1,198322,85236,73,212628,61922,3511,8543,0,6,13115,14,5,40,16,36,28,596267,459255,375753,486128,149.78,71356,15359,3817,124,8,18,21,9,105,8,11,15,38,26,15,47,9,10,2,6,4,3,7639,26.3,1027,0,1858,607,36582,890,758,132,0,822.9,488.7,139.5,154.8,334.2,68.7,170.9,306.2,23240,244,208.3,4439,287.2,1318.4,1016,935,6,147,9,11,472,268,276,11,0,780,898,736,531,344,7,119,254,244,238,26,76,590618,426091,382177,28038,320,467,11087,153440,109458,7991,35986,400,0,575526,405515,43626,318455,23369,3256,1796,30449,171,10180,4017,4017,18466,14678,518,103,2164,995,6731,4585
Чувашская Респ.,2023,33,15,8,10,18,15,14,22,425038,2142,209589,93247,148593,12621,51316,0,0,324977,2142,209589,93247,148593,11191,47139,0,0,66714,11493,30,100050,0,1430,4177,0,0,7321,18,2,28,12,25,10,262486,202629,192195,226050,27.22,31373,15735,1997,76,2,26,5,3,72,1,3,8,7,19,12,31,14,37,0,0,1,1,18574,20,385,0.01,6453,8998,19561,4808,1310,3187,36,406.2,211.7,39.8,69,194.5,31.8,112.8,106,11647,197,53.3,5601,124.5,584,740,740,0,153,5,0,440,136,164,5,0,305,295,279,171,134,8,33,85,81,113,10,10,350635,207089,168115,3901,7982,0,68609,74937,69943,1599,3395,1439,0,336943,160246,16913,76980,10108,4691,2516,40130,0,6083,4167,1425,6746,5856,770,241,1751,817,14417,3698
Пермский край,2023,57,39,14,4,45,44,38,38,1751285,19233,905258,281731,800300,308472,608686,1300,1676,1264442,19233,905258,281731,779008,130649,360568,1300,1211,97165,68657,529,485442,21292,177095,248118,0,465,25992,45,16,57,20,57,36,1187181,921312,778381,785897,99.39,88049,35311,10249,190,14,100,49,34,181,4,5,18,18,36,15,34,13,20,2,6,2,2,23809,27.35,4035,0.49,18243,9801,53131,7400,3023,2753,0,991.8,630.7,250.6,177.1,361.1,126.6,186.1,466.8,23816,1701,241,9100,207,1439.8,1143,951,24,298,45,12,512,373,258,12,0,767,838,727,532,355,12,153,218,255,253,10,95,1148469,1024933,555284,453548,0,498,9342,114194,95655,7698,10331,870,0,1167368,411677,48452,266095,16619,90594,400,87011,401,5541,3027,200,79284,11447,26225,1218,7268,733,32967,800
Кировская обл.,2023,42,38,4,0,24,22,17,38,731007,15277,318931,78480,322030,59860,135309,0,363,450367,15277,318931,78480,223903,48173,82225,0,248,84826,8421,23,280116,98127,11173,53084,0,115,18932,24,6,41,12,42,28,252281,242609,197158,303137,107.35,46263,19375,3254,95,13,12,30,1,87,4,4,8,15,17,11,24,5,12,0,0,5,5,12966,2.26,1740,0.36,11140,1884,36365,5764,1175,2153,36,632.4,340.3,131.9,77.3,292.1,152.6,174.2,225.3,17790,361,66,7781,118.6,817,1034,941,12,303,40,14,533,318,183,12,0,465,487,451,300,201,11,83,161,148,141,8,23,530298,461452,242086,168855,0,99,12600,56246,42307,4680,8826,873,0,541410,230483,19859,150887,7208,101386,546,96416,78,1186,260,244,2711,783,0,0,893,211,5979,366
Нижегородская обл.,2023,81,57,16,8,32,28,26,61,1342857,43981,808135,237269,612158,2175,20226,0,562,1058299,43981,808135,237269,612158,2175,16862,0,558,116545,208060,235,283857,0,0,3363,0,4,25543,32,8,75,37,74,56,629423,536983,492359,782319,277.11,99028,40092,6716,229,21,58,41,5,202,9,18,22,29,35,15,52,30,89,2,3,4,9,31033,26.05,20328,0.4,9851,10573,64973,17654,2622,8310,50,2308.5,1467,365.7,273.1,841.5,153.6,346.4,1251.3,58888,3722,776,9154,190.5,3275,2038,1716,33,555,72,25,1082,550,406,56,2,1379,1522,1297,861,604,11,184,423,426,446,38,92,1873043,1393504,974817,367830,1513,295,101362,378177,347516,19358,12808,3315,0,1818559,878383,96788,549994,54522,206448,3711,157310,888,41264,17427,5331,93436,44435,7593,5594,3888,2560,59475,6910
Оренбургская обл.,2023,36,27,2,7,13,13,8,33,500672,6333,224254,40259,176838,23656,56171,26730,297,376586,6333,224254,40259,176838,23656,51664,24446,208,74413,10489,49,123923,0,0,4390,2284,89,13469,13,6,35,15,34,22,238667,181052,89681,268793,542.88,37265,14600,3197,72,6,17,32,2,60,6,6,12,8,21,8,22,13,27,2,2,1,1,16318,537.01,1450,0.22,9407,7513,27941,9893,1263,3480,0,468.6,238.5,78.6,84.1,230.1,87.5,135.8,300,12611,1096,128,4270,114.6,711.2,993,791,22,454,125,16,593,178,222,11,1,402,422,367,265,203,8,47,89,120,132,14,13,1541515,773947,251505,507703,8929,104,601229,166339,86831,75029,4118,654,0,1315464,282993,1238,179058,626,599354,2338,88192,27,5885,520,120,21817,3986,2935,12,1951,379,14518,1086
Пензенская обл.,2023,21,16,5,0,7,6,6,11,431582,10106,90808,30555,73328,70716,46442,0,5,297774,10106,90808,30555,67991,13956,46442,0,5,69574,15942,147,132318,5337,56760,0,0,0,10684,7,5,21,9,21,12,174529,131387,121242,171614,233.88,32197,14053,2258,100,18,17,13,2,98,1,1,11,19,27,13,38,7,15,3,13,1,4,13048,14.82,2172,0.02,5381,1670,20726,3515,1138,2075,0,646.5,293.9,55.8,88.3,352.6,64,200,320.1,18710,1028,110.1,2226,68.7,825.3,835,653,6,210,26,6,425,206,204,21,1,502,521,492,274,147,4,69,85,130,228,13,5,522236,438606,336977,99755,0,200,12266,71364,50094,3018,17996,11,0,522792,261556,20145,148728,9087,66723,16821,45526,730,1159,140,28,6143,2836,2494,0,1916,299,19411,908
Самарская обл.,2023,44,25,6,13,32,31,30,36,749643,6101,287287,230578,175742,0,18158,752,251,550687,6101,287287,230578,175742,0,15794,752,220,67468,3644,84,198956,0,0,2364,0,31,12891,32,6,42,3,41,23,568752,444667,377383,395583,25.18,69339,24543,5517,84,11,19,12,4,75,4,5,15,13,20,13,30,25,35,0,0,3,5,32076,3.88,19590,0.76,16338,2243,53976,11273,1649,3607,117,1300.7,904.9,667.7,324.4,395.8,244,235.2,311,24397,356,118.5,4589,132.8,1552,979,821,15,75,10,8,544,267,168,14,3,764,815,750,536,374,15,92,229,278,219,22,256,779404,601906,524958,75147,403,1398,44551,132947,92980,12032,25305,10460,0,778953,429820,70751,287919,23133,49323,419,55985,768,4305,5331,533,15140,6125,13,0,4940,291,27798,2675
Саратовская обл.,2023,31,13,17,1,24,23,23,25,1157605,19761,685832,91092,523975,173469,111471,0,0,801124,19761,685832,91092,523957,154519,111352,0,0,51469,12430,467,354628,0,18950,119,0,0,12076,24,5,29,7,29,12,874896,660238,604131,634362,50.62,57888,25836,4013,91,8,36,33,2,83,4,4,10,6,18,13,23,14,31,2,2,1,1,15027,6.46,4200,0,3484,2155,37844,8352,973,7379,0,1103.2,748.8,329.8,255.2,354.4,124.2,189.9,132.8,20904,990,243,4513,93.7,1439.9,589,518,1,179,28,16,293,146,150,12,0,821,944,769,498,393,15,86,261,215,287,12,10,661413,517323,453618,63499,0,0,87042,57048,50855,4461,1732,216,0,654917,372573,20888,247323,8933,31136,128,60168,243,3419,225,0,14695,2033,1568,624,568,0,39064,464
Ульяновская обл.,2023,22,16,6,0,5,5,5,14,461584,7230,287093,235,221759,57758,23216,0,0,392473,7230,287093,235,210069,57608,21070,0,0,43528,5324,26,68883,11690,150,2146,0,0,7640,5,1,19,8,20,11,261615,239886,104037,269621,65.08,52326,14381,2199,69,14,19,16,1,65,1,3,20,28,25,7,25,12,37,3,11,3,7,38365,30.86,24944,3.84,2624,350,35163,4561,328,1522,0,664.9,444.1,101.2,199.8,220.8,32.4,104.2,180.2,19851,1123,192.9,3545,45.1,902.9,835,668,13,220,23,0,487,121,227,10,1,794,1007,794,294,246,18,27,140,140,189,27,77,656879,588699,440989,15795,1150,11571,2113,66067,56253,60,7045,0,0,644430,463632,10060,138621,177,4898,0,16774,0,2950,395,325,7485,1408,421,121,1511,924,33193,2238
Уральский федеральный округ,2023,275,141,47,87,183,160,145,197,6640652,51332,3225947,1069751,2262835,739510,1396656,0,7575,4573895,51332,3225947,1069751,2065381,555896,862423,0,4988,724248,432526,2541,2043972,196543,183614,533960,0,2587,152805,183,44,263,92,252,206,4566430,3518050,2507679,3087239,1094.93,459723,179774,35372,677,45,148,187,44,568,23,86,164,165,194,117,339,131,273,14,28,37,52,233367,91.09,104757,3.2,42064,37014,326137,111307,17906,43999,456,6695.2,4901.5,2222.8,1487.3,1793.7,604.1,892.5,2727.7,144154,10450,1031.2,66223,1069,8795.4,9774,8055,201,1591,204,112,4546,2025,3203,85,5,4740,5033,4566,3208,2299,90,601,1475,1576,1493,99,810,6646587,5715270,5094877,448380,38528,2260,174576,756741,602854,85255,67626,15550,0,6574600,4202498,249361,2839214,137690,100887,12433,314035,4219,66197,23096,9171,248125,56990,5264,2713,23663,7777,214198,20690
Курганская обл.,2023,23,8,,15,6,4,4,19,493654,3521,277135,79119,184041,59559,0,0,618,362864,3521,277135,79119,184041,59559,0,0,618,52527,4872,2,128255,0,0,0,0,0,7131,6,4,21,9,21,13,175290,160799,153495,272900,8,14847,8205,1252,25,2,8,8,1,23,1,1,4,4,6,3,8,1,1,1,1,0,0,3010,0.84,203,0.6,124,93,12961,924,656,268,0,322,206.6,106.7,57.2,115.4,32.8,54.1,42.8,7772,1256,99.6,4067,76.7,498.3,869,786,28,111,20,10,526,152,191,4,0,170,167,163,158,123,1,29,46,49,63,2,26,173001,120561,100108,8360,0,0,40346,12094,11793,149,111,90,0,171868,81246,848,77219,279,23329,7,20003,0,1901,0,0,4685,842,200,0,887,457,1679,115
Свердловская обл.,2023,104,48,32,24,69,54,46,74,2604513,23187,1393495,416765,1331776,313417,775093,0,2805,1842605,23187,1393495,416765,1144009,180165,400389,0,1112,363240,206081,1105,760063,186856,133252,374431,0,1693,50607,69,12,100,34,91,70,1281953,893983,752737,993716,132.44,231888,96634,15622,327,25,95,111,37,268,19,40,81,81,86,71,231,27,55,4,8,20,27,113809,37.22,71671,0.9,10349,12028,149356,66614,2930,24868,0,2490.5,1774.7,693.5,389.5,715.8,265.8,334.7,970.1,58440,5153,459.4,12585,286.9,3236.8,3883,3366,77,702,102,63,1770,724,1389,27,2,2170,2298,2061,1371,882,34,300,688,767,604,44,399,2415199,1927229,1723013,138854,22465,485,58093,429877,340324,60845,28032,7292,0,2372689,1470407,176082,931849,91019,35308,12356,92461,1933,27471,11238,6899,82191,17941,3560,2295,8958,3469,88088,3016
Тюменская обл.,2023,37,3,2,32,13,13,12,17,1099367,8927,640082,26345,398092,0,96989,0,453,753902,8927,640082,26345,392135,0,91039,0,441,112241,104644,232,337258,5957,0,5950,0,12,26606,13,4,35,9,36,36,1024236,753779,556469,608255,217.33,82084,24072,9200,91,14,12,29,1,81,0,10,22,22,26,2,6,43,120,0,0,1,1,49594,3.31,13954,0,296,17,67525,15822,9587,5310,0,2393.5,2058.1,1191,743,335.4,144,156.3,131.1,36647,156,62.5,30137,314.5,2770.5,1035,817,9,164,6,5,568,222,245,1,0,505,532,503,329,275,14,45,214,164,124,13,86,882183,751379,681940,53152,0,0,4891,125913,116973,2443,6497,5077,0,925578,498197,26607,279704,14696,26713,0,55064,0,19274,5157,1457,27763,19905,444,0,1426,994,50114,15196
Челябинская обл.,2023,51,43,3,5,40,38,32,37,1164883,12490,451902,157433,245392,37181,94293,0,3215,747643,12490,451902,157433,241684,25035,56164,0,2468,95975,82114,194,411644,3708,12146,38129,0,747,33781,40,7,48,16,47,36,813470,608426,393827,470868,603.93,48968,20987,3862,111,4,18,26,3,102,0,9,9,12,23,17,32,17,34,9,19,14,23,20021,22.71,3490,0,11158,7617,33814,6971,1708,3914,0,751.6,389.4,98.2,115.7,362.2,75.9,194.3,762.1,19350,1379,172.7,7160,153.8,1078.1,1365,969,58,303,37,15,504,428,433,13,0,751,867,738,535,372,20,108,263,238,231,15,102,718653,627551,480302,92186,15008,318,4856,86246,81540,1257,3241,1641,0,703106,465418,30005,341794,19649,10743,30,52843,437,5099,1069,254,37698,11123,118,118,2259,304,11956,1385
Ханты-Мансийский а.о-Югра,2023,41,26,4,11,36,33,33,33,763146,2564,294099,250561,72863,206218,287546,0,41,556105,2564,294099,250561,72841,168149,214529,0,29,62252,20593,391,203729,22,38069,73017,0,12,19228,36,13,40,18,38,34,756392,586378,524545,451662,92.78,59663,19841,4005,81,0,7,13,2,69,3,9,34,36,40,15,44,37,50,0,0,2,1,32058,22.23,11368,1.7,15488,14376,44226,16267,2127,7963,374,485.9,319.1,71,114.9,166.8,44.1,97.5,159.4,12712,1612,111.3,6854,156.2,753.4,1493,1265,18,241,37,11,792,283,418,23,3,746,749,708,556,449,17,87,174,213,313,18,100,1346490,1273094,1190305,60963,1055,85,19935,53461,23505,5365,24531,1072,0,1318091,922458,5251,717563,4622,925,0,56390,1794,6186,1424,254,15498,1742,767,300,8852,2529,47443,968
Ямало-Ненецкий а.о.,2023,19,13,6,0,19,18,18,17,515089,643,169234,139528,30671,123135,142735,0,443,310776,643,169234,139528,30671,122988,100302,0,320,38013,14222,617,203023,0,147,42433,0,123,15452,19,4,19,6,19,17,515089,514685,126606,289838,40.45,22273,10035,1431,42,0,8,0,0,25,0,17,14,10,13,9,18,6,13,0,0,0,0,14875,4.78,4071,0,4649,2883,18255,4709,898,1676,82,251.7,153.6,62.4,67,98.1,41.5,55.6,662.2,9233,894,125.7,5420,80.9,458.3,1129,852,11,70,2,8,386,216,527,17,0,398,420,393,259,198,4,32,90,145,158,7,97,1111061,1015456,919209,94865,0,1372,46455,49150,28719,15196,5214,378,0,1083268,764772,10568,491085,7425,3869,40,37274,55,6266,4208,307,80290,5437,175,0,1281,24,14918,10
Сибирский федеральный округ,2023,397,246,69,82,190,171,168,321,7601131,55522,3434679,1277172,2256957,1190165,1127390,12427,12576,5189584,55522,3434679,1277172,2193253,790584,797216,6196,5672,952793,540273,1467,2157914,63671,386349,330144,6231,6904,179328,190,115,378,164,362,274,3664473,2964161,2366619,3540185,832.05,416405.7,184642.4,45743.9,1482,48,147,168,19,1218,44,220,89,91,246,157,477,135,323,12,22,32,66,180002.7,233.54,62199,15.13,77882,53738,344420.7,51747,14299,24159,488,7621.9,4774.6,2691.5,1877.3,2847.3,1408.6,1456.9,4359.4,190354,10421,2129,46597,1453.4,11204.3,13534,11494,183,2717,405,121,6897,2854,3783,82,1,5992,6413,5810,3787,2646,115,747,1708,1975,1945,184,573,8579263,6923485,4843663,688622,84960,3544,454851,1200927,627445,52961,203653,16283,0,9417530,6561811,163485,3148999,93594,394830,26867,427151,4291,76761,59092,10791,256655,67851,17702,1252,23387,4385,199369,17277
Респ. Алтай,2023,11,4,6,1,6,6,6,6,88058,326,71288,0,30958,52401,776,493,7,74208,326,71288,0,30958,40330,336,493,7,11197,2953,1,13750,0,11971,440,0,0,1466,6,2,8,1,4,3,41531,41530,41530,41355,69.86,8529,3766,740,14,0,2,5,1,12,2,0,1,1,8,2,4,7,21,0,0,2,2,7330,4,0,0,0,0,7692,3849,690,3159,0,72.7,39.9,33.6,5.2,32.8,9,6.9,7.1,3257,206,8.3,235,3.7,84.7,120,93,0,92,0,2,57,52,11,1,0,102,103,99,62,62,5,0,42,24,26,4,3,119283,100311,78131,21270,0,0,2639,16333,604,729,14597,404,0,107869,43843,2511,38880,1529,0,0,3869,0,957,213,213,282,282,0,0,138,0,0,0
Респ. Тыва,2023,12,2,10,0,2,2,1,2,181688,6774,101541,0,42309,139203,0,0,0,126593,6774,101541,0,42208,84260,0,0,0,12304,2856,157,41980,94,41835,0,0,0,2341,2,0,8,2,11,8,135774,121140,101541,101666,38.17,9819,3504,682,13,0,5,3,0,11,0,2,1,0,6,5,13,4,8,1,1,0,0,6541,2.79,6572,0,4384,0,9016,699,670,29,0,53.2,25.3,4,9.8,27.9,4.8,11,17.6,3674,37,9.8,551,17.3,80.3,178,162,1,53,10,1,51,23,104,4,0,145,145,145,62,57,4,4,35,33,77,6,0,153243,117821,117821,0,0,0,26042,9380,6858,0,991,154,0,153243,91733,912,90821,0,0,0,27597,0,26368,120,120,24055,24055,50,50,186,186,9100,9100
Респ. Хакасия,2023,24,21,3,0,4,3,3,19,306187,1754,138441,18645,71998,33188,79884,0,49,210808,1754,138441,18645,71998,32978,59697,0,43,37919,436,4,94400,0,210,20187,0,6,5164,4,3,20,6,24,18,135055,84567,84567,143138,135.54,33350,9956,2525,95,0,2,10,2,74,0,21,7,10,22,13,35,2,2,3,3,3,5,29002,9.51,25497,0,26824,26296,30440,3724,2150,372,140,367.6,224.3,79.9,54.3,143.3,40.9,50.4,119.1,13682,479,77.8,2013,82.6,528,629,534,5,225,39,0,316,123,190,4,0,205,195,182,120,99,4,18,73,56,49,4,29,311139,231563,180764,34639,4990,0,11049,68527,13434,1590,52642,697,0,308900,110635,2546,91208,3578,10819,0,13362,992,1579,70,0,11964,1476,1124,0,1546,38,796,29
Алтайский край,2023,72,17,5,50,19,15,15,67,1105007,4734,524340,323810,349662,112741,264544,2296,15,850537,4734,524340,323810,349662,112741,260879,0,15,181654,19071,19,254109,0,0,3665,2296,0,28108,19,8,72,18,69,49,308537,242504,215591,603119,19.15,37749,20415,4717,110,3,26,19,0,90,8,12,7,4,25,16,41,8,23,4,8,3,8,9085,5.45,922,1.85,616,22,30077,2807,480,2025,0,484.4,202.4,66.9,74.6,282,90,160.4,297.3,21597,1558,267.1,4249,207.8,959.3,2412,2228,1,542,58,4,1349,454,609,8,0,510,551,472,298,229,9,46,108,157,185,17,26,1450180,1388716,268214,82137,15565,500,32447,29017,16453,772,11370,2242,0,2505021,2302857,6634,495143,4499,36594,649,34541,1381,3425,17029,182,21689,1777,3130,0,1699,653,7001,1600
Красноярский край,2023,72,51,14,7,52,49,49,56,1703900,17447,793759,242820,699802,436744,521454,0,312,1044810,17447,793759,242820,636288,149159,249383,0,151,179057,210608,262,659035,63514,287561,272041,0,161,35384,52,36,69,41,60,51,1056615,847142,688228,768217,41.67,100754,37657,11706,410,24,24,30,2,392,8,10,16,14,54,21,85,38,102,0,3,1,13,39535,17.91,7043,11.47,17920,12391,84501,9268,3682,2918,61,2094,1393.5,1154.3,618.6,700.5,522.4,362.1,1143,45188,1591,628.4,12255,402.9,3125.3,2162,1896,46,393,103,20,954,422,786,29,0,1427,1477,1401,1027,576,17,208,427,485,489,50,127,2159125,1798322,1515708,264043,16030,0,165209,195594,156414,28902,10241,2548,0,2125217,1241188,2952,870977,2503,169611,0,126858,776,687,4472,503,40086,584,9153,0,7869,437,70934,670
Иркутская обл.,2023,53,37,7,9,26,23,22,44,1178172,2685,483039,213253,328797,120981,114255,9638,10944,708208,2685,483039,213253,328708,120981,113879,5703,4307,111159,165072,149,469938,63,0,376,3935,6637,28941,26,13,50,21,49,31,506472,464852,224127,352274,141.11,55444.7,28028.4,8478.9,408,12,28,22,6,258,1,149,28,26,43,31,96,23,33,1,1,5,6,26234.7,32.85,5245,0.71,5163,2299,44832.7,3132,986,1431,11,834.6,470.8,100.6,167.1,363.8,65,156.9,402.7,29345,1612,295.4,6657,173,1303,1443,1127,18,304,24,13,623,481,339,15,1,1061,1063,1015,511,388,28,99,272,337,315,35,40,1615099,1056340,837809,43442,9395,500,64383,494376,88554,5483,91347,6748,0,1569611,1132720,45704,484022,35820,52744,492,87539,589,20570,12245,7148,68989,11183,287,166,2904,601,44409,2159
Кемеровская обл. - Кузбасс,2023,48,35,5,8,16,15,14,42,1021506,6240,364515,278148,84479,1731,10347,0,788,649049,6240,364515,278148,84479,1731,10347,0,733,135793,12339,68,134847,0,0,0,0,55,15098,16,19,48,36,45,41,271214,260865,226625,491731,227.82,41778,16423,4553,199,2,12,27,2,188,3,8,4,9,18,11,34,28,77,0,0,1,3,12751,80.04,2591,0.85,1207,2864,30064,4902,1777,1607,179,1267.7,711.9,501,317,555.8,406.2,292.9,537.9,28646,1087,411.1,5818,181,1859.8,2008,1749,23,304,41,15,1021,354,633,1,0,718,821,677,431,287,15,82,224,226,206,24,82,866047,675503,585856,80723,3402,954,43034,147510,128236,3506,12620,2294,0,856096,494078,54377,331739,21193,11427,4254,31088,186,8987,5829,1504,17271,2372,1121,480,1563,378,21612,957
Новосибирская обл.,2023,44,31,11,2,32,28,28,31,725168,4050,275928,154049,210947,42578,22417,0,154,468208,4050,275928,154049,210947,42144,17561,0,109,108566,60884,393,256404,0,434,4856,0,45,38688,32,17,43,22,41,26,480555,420557,351205,361825,77.41,55775,30687,4503,71,1,18,17,0,59,10,2,13,16,29,14,45,5,13,1,2,2,2,25720,67.39,1842,0.25,12784,1217,49080,10852,2374,5497,19,729.4,462.7,248.6,205.7,266.7,141.6,166.4,1298.7,16754,1061,174.5,4181,137,1040.9,1802,1324,60,447,71,55,967,443,392,11,0,683,801,715,497,344,5,137,255,260,191,16,182,816210,665342,551410,57782,0,0,36600,114268,109209,833,2821,778,0,760534,506599,12756,358209,8785,43437,21346,18715,13,3409,14597,202,33979,11566,2101,49,4098,1117,22045,1449
Омская обл.,2023,42,38,,4,21,18,18,41,771023,8154,302901,18475,183063,127864,50188,0,22,608108,8154,302901,18475,183063,124340,43781,0,22,126830,15280,207,162139,0,3524,6407,0,0,15153,21,10,41,12,41,33,442596,328099,295367,457172,63.1,50954,25594,4061,105,1,25,21,3,88,5,12,8,5,26,34,102,15,30,2,4,15,27,18510,7.22,11796,0,8984,8649,40504,10149,721,5679,78,1002.6,665.7,224.8,249,336.9,103.6,206.1,351.8,22032,2387,171,7414,175.6,1349.2,1880,1687,14,227,49,9,1074,305,501,7,0,725,790,713,538,393,14,128,185,261,266,18,45,715906,608925,474924,63369,30263,507,38388,68593,56858,6159,5509,418,0,675932,411529,16166,263559,9775,70152,113,44497,255,7275,4104,919,33784,11589,681,507,1381,870,15011,189
Томская обл.,2023,19,10,8,1,12,12,12,13,520422,3358,378927,27972,254942,122734,63525,0,285,449055,3358,378927,27972,254942,81920,41353,0,285,48314,50774,207,71312,0,40814,22172,0,0,8985,12,7,19,5,18,14,286124,152905,137838,219688,18.22,22253,8612,3778,57,5,5,14,3,46,7,4,4,6,15,10,22,5,14,0,0,0,0,5294,6.38,691,0,0,0,18214,2365,769,1442,0,715.7,578.1,277.8,176,137.6,25.1,43.8,184.2,6179,403,85.6,3224,72.5,873.8,900,694,15,130,10,2,485,197,218,2,0,416,467,391,241,211,14,25,87,136,141,10,39,373031,280642,233026,41217,5315,1083,35060,57329,50825,4987,1515,0,0,355107,226629,18927,124441,5912,46,13,39085,99,3504,413,0,4556,2967,55,0,2003,105,8461,1124
Дальневосточный федеральный округ,2023,272,178,46,48,142,128,99,180,5915611,26995,2287903,745190,1305314,594656,916762,4254,4984,3698230,26995,2287903,745190,1208425,487551,613153,3303,4809,662134,99682,1471,1755426,96889,106822,303609,951,160,116808,142,56,243,78,233,141,2672185,2188697,1603990,2212268,1684.24,412425,109507,19875,789,301,66,263,17,704,27,58,66,48,122,105,277,67,170,18,44,48,80,105351,81.26,22393,3.66,65836,26837,166722,36836,8196,18427,559,3195.8,2087.2,722.8,758.7,1108.6,323,548.9,1610.4,89241,8080,619.8,27313,645.2,4460.8,7295,6352,166,2578,585,94,4176,1370,1749,66,2,3276,3362,3099,2279,1705,45,423,1012,1052,993,99,747,5075073,4519191,3726500,402126,74610,1846,164040,391842,282388,50542,54460,5801,0,4906322,3031627,90140,2092728,47385,135497,5558,233413,8995,16275,13539,6748,360191,65362,2840,139,44359,2431,152975,3223
Респ. Бурятия,2023,18,10,,8,9,7,6,15,337209,5918,192588,15976,161366,21971,13769,0,6,218951,5918,192588,15976,161095,21700,12516,0,2,30634,30748,55,118251,271,271,1253,0,4,5067,9,2,18,7,16,8,178180,111317,36630,101394,82.87,18169,10678,2703,78,25,14,46,0,76,0,2,11,5,15,12,37,6,13,1,2,8,12,9597,19.06,0,0,678,221,13889,6144,2215,3518,125,390.2,318.5,124.1,113.5,71.7,25.5,27.4,21.2,6575,800,56.8,720,31.3,478.3,473,368,4,163,47,3,256,88,129,5,1,232,272,228,177,135,7,23,78,76,64,9,11,294196,188591,152209,22868,3723,0,38581,67024,65080,1338,553,51,0,289682,156153,19513,108564,10191,10725,328,23751,202,1224,427,139,14194,4886,158,1,350,91,4128,1496
Респ. Саха (Якутия),2023,97,53,30,14,53,47,26,45,820275,2921,165153,327383,242100,230408,259139,638,172,553962,2921,165153,327383,188610,131502,171303,0,164,171058,7491,111,265642,53490,98623,87836,638,0,36206,53,16,77,26,77,27,308809,230942,119826,167228,137.41,63179,32295,4144,246,23,18,62,13,208,0,38,5,4,35,42,106,16,52,5,24,9,15,32879,40.8,12812,2.8,25122,1802,49105,11128,386,6876,158,499.8,328.7,129.7,113.7,171.1,41.6,89.2,227.3,20973,1555,98.6,5330,144.7,743.1,2313,2121,8,1134,222,8,1520,291,502,13,0,738,722,705,488,387,5,95,183,260,254,22,39,1164270,1098884,865631,35062,19216,0,20563,44823,37443,1913,4993,2465,0,1136998,766620,6576,526523,4340,15292,5164,18453,624,1706,1023,160,20058,5016,346,43,2105,12,21063,350
Забайкальский край,2023,29,21,,8,7,6,6,18,475371,5016,192033,33183,9134,2867,19387,0,0,310118,5016,192033,33183,6630,2867,17904,0,0,77244,6473,9,164650,2504,0,1483,0,0,14781,7,3,27,10,24,11,127244,112936,110196,170477,9.91,20686,12514,2008,35,6,3,11,1,33,1,1,5,3,12,13,39,4,13,2,2,2,3,9772,4.13,456,0,6562,1190,19391,151,0,151,0,320.7,219.7,113.9,62,101,38.3,39.5,90.8,9450,1302,122.2,1851,48.6,491.5,779,605,0,231,49,0,488,106,185,4,0,220,270,213,170,109,2,44,71,66,70,5,72,261101,192605,157966,15883,8000,1000,19234,49262,24296,13544,8719,2250,0,217981,135395,7590,87632,3050,7912,26,17317,773,778,18,18,3640,120,0,0,10,10,4628,144
Камчатский край,2023,14,12,,2,14,14,11,13,264584,189,153225,9599,0,0,17788,0,42,198001,189,153225,9599,0,0,4819,0,42,34873,232,0,66583,0,0,12969,0,0,4779,14,3,14,3,14,12,143689,130170,57010,75707,7.35,5454,2578,631,16,0,1,4,0,13,2,1,7,5,5,6,13,2,6,0,2,2,2,2100,1.65,0,0,573,413,4502,684,186,372,0,158.3,119.2,53.8,42.4,39.1,13.1,19.9,137.2,2742,196,18.1,1173,18.7,195.1,490,468,22,127,82,7,289,65,136,3,0,126,141,125,89,48,0,24,39,40,43,3,9,254624,243494,190846,18367,17765,0,4898,6232,5042,0,1157,0,0,246383,146006,1863,98677,753,12945,0,9133,503,346,1006,0,22087,1293,64,0,1297,387,1887,0
Приморский край,2023,25,12,11,2,10,8,6,14,1389707,982,602616,78690,205078,3330,95968,3570,3398,708438,982,602616,78690,190760,3330,78668,3257,3398,57900,6795,119,223734,14318,0,17300,313,0,9984,10,4,23,5,22,17,497683,432529,257238,419577,1416.46,224753,14196,3248,285,242,15,105,2,277,3,5,14,9,14,5,11,10,18,9,12,5,6,10671,2.94,2319,0,6705,3372,19937,1669,1511,68,75,425.3,275.5,65,80.8,149.8,39.5,65.5,280.2,15168,1063,77.2,4721,98.7,601.2,528,346,13,254,19,21,191,188,149,20,0,519,564,508,412,322,13,65,261,146,101,22,387,769288,651570,536416,49546,5877,0,16515,101203,61739,10234,28603,640,0,780606,459409,28525,308940,14091,24885,10,35461,1529,3744,4362,3077,109063,31179,690,0,24412,989,55683,284
Хабаровский край,2023,22,18,,4,12,12,11,18,1003009,4269,318507,121308,293161,146941,264012,0,185,592186,4269,318507,121308,273258,144157,129685,0,69,68724,11458,516,410150,19903,2784,134327,0,109,9545,12,11,21,11,19,17,582101,450465,397238,447000,3.71,23777,12557,2607,35,4,5,5,0,29,3,3,7,4,8,5,15,11,38,0,0,5,9,6902,2.15,156,0.4,7068,4265,12496,3722,1563,1455,35,387.1,242.3,98.9,83.5,144.8,28.4,82.6,260,9318,661,71.6,3632,71.8,530.5,800,790,6,155,14,5,365,182,253,7,0,473,495,468,329,235,7,52,138,132,197,19,126,556501,467343,384144,66379,112,0,33171,55987,40532,13051,2187,23,0,519183,363449,13658,251277,11125,34906,0,27441,260,5322,1739,184,35146,8721,105,95,1520,476,15278,690
Амурская обл.,2023,22,17,4,1,4,4,4,19,532670,2724,223852,137325,152428,48968,185036,46,1152,394783,2724,223852,137325,152283,48968,145383,46,1110,135383,5701,0,137273,145,0,39653,0,42,21990,4,4,21,5,21,18,142282,132028,128493,302035,12.46,15010,7166,1598,27,1,3,9,0,22,3,2,4,3,10,8,25,6,12,1,1,10,22,4352,2,2319,0.35,1150,281,12135,1179,324,765,0,411.5,204.8,56.3,108.9,206.7,59.3,110.9,185.8,7223,247,65.9,4935,107,584.4,798,746,56,155,5,18,453,177,168,6,1,175,186,171,123,97,0,26,58,47,66,4,32,257589,229041,171364,49709,7587,45,9303,19245,11632,5797,1708,361,0,232860,150814,6070,94536,1727,10862,0,26590,692,630,108,0,19468,5889,0,0,372,129,3649,69
Магаданская обл.,2023,9,5,,4,5,4,4,7,330104,903,114545,2801,81178,0,25618,0,19,141104,903,114545,2801,75256,0,22382,0,19,10549,4898,8,188975,5922,0,3236,0,0,2572,5,0,9,1,9,9,131941,128731,106479,110611,4.16,6469,2769,598,12,0,1,4,0,8,3,1,0,1,4,0,0,1,1,0,0,0,0,2141,0.42,656,0,65,0,5104,1279,548,564,36,26.3,8.8,2.1,1.8,17.5,0.6,9.8,16.7,1879,92,3.2,342,4.7,34.2,84,39,13,47,27,13,49,9,26,3,0,132,132,132,101,79,3,21,25,54,52,4,14,245321,232370,214628,1310,5181,0,10194,2757,382,31,2344,0,0,237704,158855,24,157772,48,6370,0,472,0,50,230,7,252,45,514,0,255,0,7769,0
Сахалинская обл.,2023,21,20,,1,20,18,17,20,555178,3397,253623,4666,113974,113405,14466,0,10,420587,3397,253623,4666,113638,113405,14134,0,5,49504,23965,638,132764,336,0,332,0,5,5282,20,10,21,8,21,17,423638,343573,279846,304343,9.28,29164,11678,1775,36,0,5,10,1,27,6,3,10,11,14,10,20,8,14,0,1,2,5,24574,7.97,3546,0,17372,14752,25158,9279,1327,4267,80,494.5,320.1,72.2,137.8,174.4,65.4,86.3,345,13364,1391,86.8,3513,98.6,679.9,667,581,1,195,67,2,347,193,127,1,0,498,464,453,313,236,7,55,126,211,107,10,39,1028933,978543,883449,87680,0,0,9826,40564,35384,3892,1051,11,0,1017747,554856,6014,349944,1896,11600,30,58830,4390,2412,4052,2974,125236,5459,155,0,9087,325,34700,0
Чукотский а.о.,2023,9,5,1,3,7,7,7,8,111094,556,63573,14259,28811,21257,19408,0,0,87848,556,63573,14259,28811,16113,14264,0,0,8867,758,15,23246,0,5144,5144,0,0,1915,7,2,7,2,5,5,100162,79550,74906,75684,0.63,4463,2090,396,11,0,0,3,0,7,3,1,3,3,4,3,9,3,3,0,0,4,5,1798,0.14,129,0.11,541,541,4195,1354,107,308,50,55.7,41.2,5,8.9,14.5,2,7.5,30.7,1453,603,14.2,758,13.3,83.2,247,203,43,53,11,8,159,51,37,4,0,135,84,69,57,41,1,15,27,13,28,1,16,212929,209124,151839,49333,7149,801,0,3805,718,742,2345,0,0,197073,119735,307,93061,164,0,0,13067,0,40,574,189,10098,2202,808,0,999,0,3450,0
Еврейская авт.обл.,2023,6,5,,1,1,1,1,3,96410,120,8188,0,18084,5509,2171,0,0,72252,120,8188,0,18084,5509,2095,0,0,17398,1163,0,24158,0,0,76,0,0,4687,1,1,5,0,5,0,36456,36456,36128,38212,0,1301,986,167,8,0,1,4,0,4,3,1,0,0,1,1,2,0,0,0,0,1,1,565,0,0,0,0,0,810,247,29,83,0,26.4,8.4,1.8,5.4,18,9.3,10.3,15.5,1096,170,5.2,338,7.8,39.4,116,85,0,64,42,9,59,20,37,0,0,28,32,27,20,16,0,3,6,7,11,0,2,30321,27626,18008,5989,0,0,1755,940,140,0,800,0,0,30105,20335,0,15802,0,0,0,2898,22,23,0,0,949,552,0,0,3952,12,740,190